novel_name,author,novelurl,serialstatus,serialnumber,category,collects,reviews
太古玄黄诀,秦歌扬,http://chuangshi.qq.com/bk/xh/20397303.html,玄幻,66925,连载中,194,1137
鹿晗，微白之恋,鹿染汐儿,http://chuangshi.qq.com/bk/qc/20152713.html,现实,23351,连载中,123,1230
授信未来,黎明灰,http://chuangshi.qq.com/bk/kh/15388729.html,科幻,668864,连载中,9204,17458
鲜花盛开，别来无恙,墨色不染,http://chuangshi.qq.com/bk/dp/20443061.html,短篇,11108,连载中,42,423
风起苍岚之顶级炼丹师,蓝魂牵绕,http://chuangshi.qq.com/bk/xx/20253962.html,仙侠,72652,连载中,152,1516
我才不是人妖啊,无笔画师,http://chuangshi.qq.com/bk/2cy/13616319.html,二次元,511127,连载中,10193,33493
斗战仙穹,妖天,http://chuangshi.qq.com/bk/xx/20191369.html,仙侠,103261,连载中,324,2735
三国超神升级系统,剑北望,http://chuangshi.qq.com/bk/ls/15406971.html,历史,908753,连载中,15278,35619
诛仙之无上剑仙,愁绪岁月,http://chuangshi.qq.com/bk/xx/20432281.html,仙侠,8239,连载中,6,61
七圣绝,祎秋渔家,http://chuangshi.qq.com/bk/xh/20478571.html,玄幻,4174,连载中,4,43
至尊战神在都市,哎哟叶子哥,http://chuangshi.qq.com/bk/xx/17098576.html,仙侠,631672,连载中,17814,45764
女校超级教师,小犁,http://chuangshi.qq.com/bk/ds/14964625.html,都市,1205111,连载中,5854,26191
武装捉鬼师,竹羽,http://chuangshi.qq.com/bk/ly/17393313.html,灵异,412673,连载中,7151,11310
重生极品纨绔,一克水,http://chuangshi.qq.com/bk/xh/13574623.html,玄幻,1797035,连载中,7680,54224
盛唐金手指,钢城小草人,http://chuangshi.qq.com/bk/ls/14900341.html,历史,924023,连载中,130604,186478
梦入玄天,左岸熙,http://chuangshi.qq.com/bk/xh/20018462.html,玄幻,250192,连载中,424,2240
网游之技能帝师,秦无炎66,http://chuangshi.qq.com/bk/yx/19881985.html,游戏,346101,连载中,1521,14727
妖孽兵神,微雨斜飞,http://chuangshi.qq.com/bk/ds/16481083.html,都市,675121,连载中,21163,25739
王者荣耀之妲己诱惑,古书,http://chuangshi.qq.com/bk/yx/19883649.html,游戏,384616,连载中,13675,24077
我的九尾白狐老婆,鸿北,http://chuangshi.qq.com/bk/ly/20356866.html,灵异,39026,连载中,609,2282
渊龙魄,夜川听雪,http://chuangshi.qq.com/bk/xh/20458789.html,玄幻,41127,连载中,16,158
末日之战狂,书海迷童,http://chuangshi.qq.com/bk/kh/20459158.html,科幻,15033,连载中,20,198
都市绝品修仙大帝,轩辕御魂,http://chuangshi.qq.com/bk/ds/20466026.html,都市,3223,连载中,35,248
综漫系统之旅程,不知名小屋,http://chuangshi.qq.com/bk/2cy/20398161.html,二次元,63727,连载中,232,2324
碧海侠客传之打鬼子,云九郎,http://chuangshi.qq.com/bk/wx/15320791.html,武侠,558275,连载中,5549,21643
约会大作战之空间之神,流炎火月,http://chuangshi.qq.com/bk/2cy/20030073.html,二次元,34550,连载中,269,2285
都市无敌医圣,可爱冬瓜,http://chuangshi.qq.com/bk/ds/20232625.html,都市,76064,连载中,1295,2354
九龙真帝,绝世仙帝,http://chuangshi.qq.com/bk/xh/13593904.html,玄幻,2171156,连载中,14964,101573
女神掠夺系统,大王叫我来巡山,http://chuangshi.qq.com/bk/kh/19713396.html,科幻,298142,连载中,6650,16602
魔法工具,骑行江湖,http://chuangshi.qq.com/bk/qh/20428059.html,奇幻,38429,连载中,40,404
彪悍小农民,天地风行,http://chuangshi.qq.com/bk/ds/19776076.html,都市,178506,连载中,22898,25215
神秘的王国夏,担担面我来了,http://chuangshi.qq.com/bk/ls/20051359.html,历史,53764,连载中,278,2783
大明风流之铁血兵王,博陵先生,http://chuangshi.qq.com/bk/ls/19247747.html,历史,884453,连载中,23448,72792
故事里的旧友,露台珍珠白,http://chuangshi.qq.com/bk/dp/20373226.html,短篇,6477,连载中,80,700
万界代购系统,最炫晨风,http://chuangshi.qq.com/bk/ds/14900395.html,都市,2181094,连载中,68979,177722
天道策之情殇,3水缘,http://chuangshi.qq.com/bk/xh/17107490.html,玄幻,297058,连载中,3735,17653
唯一救世主,废文,http://chuangshi.qq.com/bk/kh/15266747.html,科幻,124457,连载中,442,4269
都市之海皇降临,佐一然,http://chuangshi.qq.com/bk/ds/20172217.html,都市,145472,连载中,244,2438
驿路追仙,百草秋风,http://chuangshi.qq.com/bk/xx/15755662.html,仙侠,374495,连载中,413,4129
无敌锻造师,魔药百味,http://chuangshi.qq.com/bk/qh/20294777.html,奇幻,14355,连载中,29,288
咸鱼王的自我修养,肆意绯月,http://chuangshi.qq.com/bk/2cy/20450496.html,二次元,28810,连载中,102,1022
龙阳剑神,我吃辣椒酱,http://chuangshi.qq.com/bk/xh/15816535.html,玄幻,670745,连载中,4476,16519
三国杀之群侠传,没事装狗熊,http://chuangshi.qq.com/bk/yx/20130780.html,游戏,447396,连载中,386,3171
变身之我为神王,落寂天星,http://chuangshi.qq.com/bk/xh/14153436.html,玄幻,1533448,连载中,28086,92663
不说再见的梦,Sower,http://chuangshi.qq.com/bk/ty/16161429.html,体育,906408,连载中,10788,34238
魔兽之巫妖王崛起,血狱男爵,http://chuangshi.qq.com/bk/qh/14875497.html,奇幻,401868,连载中,2947,11307
魔天酒帝,小民书生,http://chuangshi.qq.com/bk/xh/682625.html,玄幻,1296390,连载中,16051,48480
龙傲武神,零零九,http://chuangshi.qq.com/bk/xh/16583403.html,玄幻,925095,连载中,21895,41496
清时谜洸,谬梓,http://chuangshi.qq.com/bk/qh/19398857.html,奇幻,233338,连载中,2083,5527
天级后神,佛一藏龙,http://chuangshi.qq.com/bk/xh/20439573.html,玄幻,21321,连载中,87,466
僵尸剑修在都市,子木,http://chuangshi.qq.com/bk/ds/20366770.html,都市,97812,连载中,1740,3001
五行界传说,风踏三哥,http://chuangshi.qq.com/bk/xh/20311908.html,玄幻,67041,连载中,131,1012
绝美总裁的贴身兵王,指殇,http://chuangshi.qq.com/bk/ds/15203233.html,都市,1439581,连载中,13174,52214
魔鬼雇杀团,情愿傻呆呆的,http://chuangshi.qq.com/bk/js/14963276.html,军事,488332,连载中,1790,16295
独败天地,丑人美心,http://chuangshi.qq.com/bk/xh/20301257.html,玄幻,66823,连载中,160,1600
神骨鉴,筋肉小男,http://chuangshi.qq.com/bk/xx/19827344.html,仙侠,327167,连载中,433,4326
祭奠，我的空间,清月落影,http://chuangshi.qq.com/bk/xh/17063982.html,玄幻,131190,连载中,1020,9999
重生之极品鬼王,慕容永夜,http://chuangshi.qq.com/bk/ly/20280394.html,灵异,81381,连载中,3110,7843
三世惊情,三某你好,http://chuangshi.qq.com/bk/kh/719290.html,科幻,242108,连载中,103297,493673
神级狂医在花都,南京南,http://chuangshi.qq.com/bk/ds/17091355.html,都市,880163,连载中,3911,25030
爵音神灵,流年过,http://chuangshi.qq.com/bk/xh/20132741.html,玄幻,22555,连载中,54,341
第一强者,天堂羽,http://chuangshi.qq.com/bk/ds/17101757.html,都市,1061311,连载中,23204,41448
重返十七岁的球场王者,狮子白羊,http://chuangshi.qq.com/bk/ty/19981299.html,体育,166124,连载中,419,4192
三国之单挑猛将,卧龙游三国,http://chuangshi.qq.com/bk/ls/19268771.html,历史,320950,连载中,6754,23079
你好，你有未送出的信,林桐木,http://chuangshi.qq.com/bk/qc/20371981.html,现实,5096,连载中,33,227
修仙玩家俱乐部,ehaos,http://chuangshi.qq.com/bk/ds/20453833.html,都市,14519,连载中,26,258
守护末世家园,四楼蓝领,http://chuangshi.qq.com/bk/kh/20444338.html,科幻,5389,连载中,22,220
符文都市,喜欢玩牧师,http://chuangshi.qq.com/bk/ds/20321993.html,都市,65033,连载中,133,734
三国之龙皇霸主,杏仁饼干,http://chuangshi.qq.com/bk/ls/20337580.html,历史,52058,连载中,980,4503
篮筐轰炸,苏an,http://chuangshi.qq.com/bk/ty/15831744.html,体育,683887,连载中,4230,28301
古武至尊魔戒,侠梦武魂,http://chuangshi.qq.com/bk/wx/15986849.html,武侠,842433,连载中,9380,26901
变身之女神养成计划,悲殇的秋千,http://chuangshi.qq.com/bk/2cy/19368580.html,二次元,459174,连载中,6342,38864
凌云神主,龙丛云,http://chuangshi.qq.com/bk/xh/20313986.html,玄幻,78572,连载中,2125,6977
我的女鬼寨主,老牛拉破车,http://chuangshi.qq.com/bk/ly/16647547.html,灵异,750843,连载中,19944,22121
软饭天王,纳兰康成,http://chuangshi.qq.com/bk/ds/13770483.html,都市,3593313,连载中,46569,153576
直播之随身厨房,官鬼禽曜,http://chuangshi.qq.com/bk/ds/19926205.html,都市,230828,连载中,968,7879
网游之逆乱崛起,流佚,http://chuangshi.qq.com/bk/yx/20134227.html,游戏,75009,连载中,79,790
贫道有妻,7流,http://chuangshi.qq.com/bk/ds/11436162.html,都市,163955,连载中,6050,12539
异世超级天王,王十二.CS,http://chuangshi.qq.com/bk/yx/20360391.html,游戏,41567,连载中,104,443
跌宕人生曲折路,万世博少,http://chuangshi.qq.com/bk/ds/19703519.html,都市,457374,连载中,480,4801
醉眼笑京华,海棠月,http://chuangshi.qq.com/bk/wx/19928243.html,武侠,117142,连载中,796,3263
秦汉戮,小辰泽,http://chuangshi.qq.com/bk/ls/19989863.html,历史,540409,连载中,2000,10404
探灵主播,快看那只二哈,http://chuangshi.qq.com/bk/ly/15202092.html,灵异,854212,连载中,5881,16197
九星魔帝,月洛宁,http://chuangshi.qq.com/bk/xh/20219214.html,玄幻,151258,连载中,475,2850
透视极品神医,金帛鲤,http://chuangshi.qq.com/bk/ds/15385590.html,都市,1342457,连载中,17889,56452
我有神级无敌系统,夏天穿拖鞋,http://chuangshi.qq.com/bk/ds/14592692.html,都市,1990379,连载中,10305,57192
千机录,兵站,http://chuangshi.qq.com/bk/xx/11342072.html,仙侠,1864286,连载中,11687,62103
美女的无敌神医,苍问情,http://chuangshi.qq.com/bk/ds/15828854.html,都市,1151415,连载中,5071,19075
帝神无双,乱世笙歌,http://chuangshi.qq.com/bk/xh/15332103.html,玄幻,466412,连载中,2296,19101
逆鳞苍穹传,桃乐吉,http://chuangshi.qq.com/bk/qh/15266483.html,奇幻,739773,连载中,18198,25829
重生之武道无双,无名指的血祭,http://chuangshi.qq.com/bk/wx/14083624.html,武侠,2332071,连载中,23973,112279
荣华似锦,大风御医,http://chuangshi.qq.com/bk/xx/15820925.html,仙侠,41851,连载中,303,2929
都市极品鬼差,狐狸的,http://chuangshi.qq.com/bk/ds/16442651.html,都市,943051,连载中,4892,19351
九龙狂帝,释不争,http://chuangshi.qq.com/bk/xh/19637200.html,玄幻,380183,连载中,5450,9500
全职大卡牌时代,狱使,http://chuangshi.qq.com/bk/ds/15174906.html,都市,78048,连载中,136,1359
末日中的杀戮,MU璐璐,http://chuangshi.qq.com/bk/kh/20285397.html,科幻,28024,连载中,74,643
与梦之遥,惟络,http://chuangshi.qq.com/bk/qc/20230641.html,现实,13757,连载中,69,589
魔技师之召唤战姬,冬目雪,http://chuangshi.qq.com/bk/xh/15389223.html,玄幻,370139,连载中,2025,9702
七年三班石田,七年三班石田,http://chuangshi.qq.com/bk/2cy/20007188.html,二次元,9874,连载中,68,680
网游之神者回归,砂无赦,http://chuangshi.qq.com/bk/yx/20358094.html,游戏,18134,连载中,52,517
﻿novel_name,author,novelurl,serialstatus,serialnumber,category,collects,reviews
通天武尊, 夜云端,http://www.x23us.com/book/65659, 连载中, 6522655字,玄幻魔法,1118,84832
重生之宗门崛起, 皮卡超忍,http://www.x23us.com/book/64556, 连载中, 2881636字,玄幻魔法,696,53226
武极宗师, 风消逝,http://www.x23us.com/book/67582, 连载中, 3151341字,玄幻魔法,383,98542
最强万界降临系统, 左手执画笔,http://www.x23us.com/book/68125, 连载中, 510191字,玄幻魔法,163,1548
带着武功去异界, 天秀弟子,http://www.x23us.com/book/67575, 连载中, 937172字,玄幻魔法,183,6712
武破九荒, 无敌小贝,http://www.x23us.com/book/58232, 连载中, 5168365字,玄幻魔法,1403,190170
憾梦西游, 胡鹤颜宝宝,http://www.x23us.com/book/64749, 连载中, 1632372字,玄幻魔法,130,7872
逆剑狂神, 一剑清新,http://www.x23us.com/book/58259, 连载中, 11071660字,玄幻魔法,2368,336396
玄武战尊, 天地有缺,http://www.x23us.com/book/65868, 连载中, 4612984字,玄幻魔法,1004,114334
重生原始时代, 南州十一郎,http://www.x23us.com/book/66443, 连载中, 1765576字,玄幻魔法,1017,275805
天道图书馆, 横扫天涯,http://www.x23us.com/book/67025, 连载中, 2586420字,玄幻魔法,2371,1837162
绝世武魂, 洛城东,http://www.x23us.com/book/65688, 连载中, 8178409字,玄幻魔法,391,16090
大唐东游记, 摩拳英,http://www.x23us.com/book/63157, 连载中, 2893010字,玄幻魔法,168,19844
异世界的美食家, 李鸿天,http://www.x23us.com/book/66792, 连载中, 3190376字,玄幻魔法,2406,1347851
我是至尊, 风凌天下,http://www.x23us.com/book/68403, 连载中, 884064字,玄幻魔法,3,39
召唤天骄, 兴霸天,http://www.x23us.com/book/67606, 连载中, 742631字,玄幻魔法,126,12542
超级神武道, 会飞的是鱼,http://www.x23us.com/book/68177, 连载中, 683847字,玄幻魔法,40,397
混元剑帝, 乘风御剑,http://www.x23us.com/book/68079, 连载中, 1065298字,玄幻魔法,57,749
山海画妖师, 苍知,http://www.x23us.com/book/68370, 连载中, 535182字,玄幻魔法,23,416
莽穿新世界, 楚白,http://www.x23us.com/book/68314, 连载中, 583625字,玄幻魔法,11,338
劈天斩神, 江边一闲,http://www.x23us.com/book/59621, 连载中, 6702482字,玄幻魔法,399,53531
吞噬魂帝, 徐广大,http://www.x23us.com/book/65813, 连载中, 4819809字,玄幻魔法,1121,43115
武炼仙尊, 鴌鴌珠玑,http://www.x23us.com/book/65918, 连载中, 1236050字,玄幻魔法,126,7031
超级神基因, 十二翼黑暗炽天使,http://www.x23us.com/book/66957, 连载中, 3315673字,玄幻魔法,2908,1183254
战极通天, 悲伤月,http://www.x23us.com/book/59507, 连载中, 14639903字,玄幻魔法,1018,86177
绝世邪神, 风狂笑,http://www.x23us.com/book/54161, 已完成, 11678375字,玄幻魔法,3242,236842
万域之王, 逆苍天,http://www.x23us.com/book/64405, 连载中, 3324705字,玄幻魔法,3909,447676
重修上一世, 李唐王,http://www.x23us.com/book/67211, 连载中, 1698513字,玄幻魔法,156,5967
狂武战帝, 被罚站的豆豆,http://www.x23us.com/book/56224, 连载中, 9468756字,玄幻魔法,8910,167764
邪风道骨, 出云道人,http://www.x23us.com/book/68124, 连载中, 314976字,玄幻魔法,20,416
至高主宰, 犁天,http://www.x23us.com/book/64887, 连载中, 1997177字,玄幻魔法,604,47203
虐仙记, 逆苍生,http://www.x23us.com/book/50719, 连载中, 7682375字,玄幻魔法,727,127632
术士战纪, 啊啊融融,http://www.x23us.com/book/63197, 连载中, 2540097字,玄幻魔法,662,49975
耐瑟瑞尔的辉煌, 黎明C,http://www.x23us.com/book/68238, 连载中, 334069字,玄幻魔法,12,172
万兽战神, 铁血丹心,http://www.x23us.com/book/67117, 连载中, 3078883字,玄幻魔法,399,29210
弃僧, 胖子爱吃炖豆角,http://www.x23us.com/book/65874, 连载中, 5014968字,玄幻魔法,313,33666
玄界旅行社, 高森,http://www.x23us.com/book/68322, 连载中, 563574字,玄幻魔法,18,525
龙血武帝, 流水无痕,http://www.x23us.com/book/53495, 连载中, 11390780字,玄幻魔法,3293,436061
跑到异界开工厂, 大湿请留步,http://www.x23us.com/book/64333, 连载中, 2258923字,玄幻魔法,703,40247
巫界祖魔, 慕金田,http://www.x23us.com/book/68281, 连载中, 454828字,玄幻魔法,31,355
龙霸九霄天, 乐乐山人,http://www.x23us.com/book/66476, 连载中, 1207440字,玄幻魔法,120,10076
太古至尊, 两处闲愁,http://www.x23us.com/book/66899, 连载中, 5877902字,玄幻魔法,621,68379
永恒圣帝, 千寻月,http://www.x23us.com/book/67570, 连载中, 6270993字,玄幻魔法,640,114084
牧神记, 宅猪,http://www.x23us.com/book/68255, 连载中, 504420字,玄幻魔法,33,331
传奇族长, 山人有妙计,http://www.x23us.com/book/63419, 连载中, 5477402字,玄幻魔法,1769,377976
诸天仙武, 亘古孤寂2,http://www.x23us.com/book/68126, 连载中, 837741字,玄幻魔法,153,1099
旧日篇章, 虚鸣,http://www.x23us.com/book/68313, 连载中, 633365字,玄幻魔法,9,361
大逆之门, 知白,http://www.x23us.com/book/64404, 连载中, 4480059字,玄幻魔法,578,66896
十方神王, 贪睡的龙,http://www.x23us.com/book/57509, 连载中, 6360570字,玄幻魔法,2359,180198
绝代神主, 百里龙虾,http://www.x23us.com/book/66155, 连载中, 3826995字,玄幻魔法,827,188061
基因武道, 月中阴,http://www.x23us.com/book/68107, 连载中, 1027782字,玄幻魔法,155,1328
战气凌霄, 新闻工作者,http://www.x23us.com/book/52700, 连载中, 14584384字,玄幻魔法,543,99404
重生在神话世界, 纸生云烟,http://www.x23us.com/book/63179, 连载中, 3124559字,武侠修真,2017,284947
重生之西游冥圣, 楚三刀,http://www.x23us.com/book/68210, 连载中, 240146字,武侠修真,41,415
傲剑震江湖, 田博文,http://www.x23us.com/book/64349, 连载中, 2257925字,武侠修真,50,53096
九界仙尊, 神出古异,http://www.x23us.com/book/64464, 连载中, 4813813字,武侠修真,466,80365
制霸山海经, 挺大个脑袋,http://www.x23us.com/book/68335, 连载中, 430842字,武侠修真,13,236
武侠时代的皇帝修炼日记, 人瘦凋猪颜,http://www.x23us.com/book/68411, 连载中, 158326字,武侠修真,0,31
仙韵传, 沁园居士,http://www.x23us.com/book/64278, 连载中, 3947799字,武侠修真,278,38963
仙界赢家, 竹衣无尘,http://www.x23us.com/book/58641, 连载中, 3760229字,武侠修真,800,59519
无限修仙, 千头龙,http://www.x23us.com/book/1309, 连载中, 17387904字,武侠修真,2204,913443
问道仙葫, 清野山人,http://www.x23us.com/book/68428, 连载中, 9845字,武侠修真,0,0
天影, 萧鼎,http://www.x23us.com/book/65090, 连载中, 1549271字,武侠修真,1914,949010
穿越诸天万界, 天帝大人,http://www.x23us.com/book/67067, 连载中, 1433646字,武侠修真,868,303868
小夫小妻小仙人, 神龙吞恶虎,http://www.x23us.com/book/54705, 连载中, 6257722字,武侠修真,408,230940
地府大帝, 玉爪俊,http://www.x23us.com/book/65543, 连载中, 2439834字,武侠修真,655,45258
纣王驾到之叱咤封神, 了了而立,http://www.x23us.com/book/64859, 连载中, 2406429字,武侠修真,1354,82082
造化娲皇, 炎康,http://www.x23us.com/book/68438, 连载中, 1017580字,武侠修真,0,1
诸天求索, 谷岳,http://www.x23us.com/book/68439, 连载中, 391044字,武侠修真,0,0
清天之下, 白牧悠悠,http://www.x23us.com/book/68099, 连载中, 539836字,武侠修真,0,255
西游称雄, 一笑风,http://www.x23us.com/book/59180, 连载中, 2017453字,武侠修真,425,24227
奇侠系统, 萧胡,http://www.x23us.com/book/67494, 连载中, 1446666字,武侠修真,493,31853
九龙封魔传, 墨殊途,http://www.x23us.com/book/68070, 连载中, 736980字,武侠修真,7,542
重生之西游冥圣, 楚三刀,http://www.x23us.com/book/68210, 连载中, 240146字,武侠修真,41,415
傲剑震江湖, 田博文,http://www.x23us.com/book/64349, 连载中, 2257925字,武侠修真,50,53096
九界仙尊, 神出古异,http://www.x23us.com/book/64464, 连载中, 4813813字,武侠修真,466,80365
制霸山海经, 挺大个脑袋,http://www.x23us.com/book/68335, 连载中, 430842字,武侠修真,13,236
仙韵传, 沁园居士,http://www.x23us.com/book/64278, 连载中, 3947799字,武侠修真,278,38963
仙界赢家, 竹衣无尘,http://www.x23us.com/book/58641, 连载中, 3760229字,武侠修真,800,59519
无限修仙, 千头龙,http://www.x23us.com/book/1309, 连载中, 17387904字,武侠修真,2204,913443
问道仙葫, 清野山人,http://www.x23us.com/book/68428, 连载中, 9845字,武侠修真,0,0
天影, 萧鼎,http://www.x23us.com/book/65090, 连载中, 1549271字,武侠修真,1914,949010
穿越诸天万界, 天帝大人,http://www.x23us.com/book/67067, 连载中, 1433646字,武侠修真,868,303868
小夫小妻小仙人, 神龙吞恶虎,http://www.x23us.com/book/54705, 连载中, 6257722字,武侠修真,408,230940
地府大帝, 玉爪俊,http://www.x23us.com/book/65543, 连载中, 2439834字,武侠修真,655,45258
纣王驾到之叱咤封神, 了了而立,http://www.x23us.com/book/64859, 连载中, 2406429字,武侠修真,1354,82082
诸天求索, 谷岳,http://www.x23us.com/book/68439, 连载中, 391044字,武侠修真,0,0
清天之下, 白牧悠悠,http://www.x23us.com/book/68099, 连载中, 539836字,武侠修真,0,255
无悔九二, 墨老黑,http://www.x23us.com/book/68225, 连载中, 374518字,都市言情,19,274
重生之最强剑神, 天运老猫,http://www.x23us.com/book/55514, 连载中, 4756156字,都市言情,6542,947238
超级位面银行, 老告,http://www.x23us.com/book/68413, 连载中, 1363480字,都市言情,3,58
官涯无悔, 关越今朝,http://www.x23us.com/book/63366, 连载中, 4615465字,都市言情,725,55558
神级大镖客, 歪爽,http://www.x23us.com/book/60291, 连载中, 2593694字,都市言情,192,26534
超级巨兽分身, 独尚兰舟,http://www.x23us.com/book/68414, 连载中, 316084字,都市言情,8,41
大明才子风云录, 尚南山,http://www.x23us.com/book/61887, 连载中, 2573141字,都市言情,157,36008
捡宝生涯, 吃仙丹,http://www.x23us.com/book/58018, 连载中, 3623939字,都市言情,1517,97226
方大厨的黄金年代, 经纪老于,http://www.x23us.com/book/68415, 连载中, 564051字,都市言情,0,1
半岛岁月, 五月伤,http://www.x23us.com/book/59040, 连载中, 2322606字,都市言情,245,39016
全能战警, 王二明,http://www.x23us.com/book/68416, 连载中, 58913字,都市言情,0,0
超人类进化, 陈家三郎,http://www.x23us.com/book/68350, 连载中, 1869685字,都市言情,39,550
万界神豪, 游千山,http://www.x23us.com/book/67195, 连载中, 1807733字,都市言情,286,19379
天字号保镖, 小舞,http://www.x23us.com/book/53138, 连载中, 4221994字,都市言情,208,276501
他身上有条龙, 黑夜与孤城,http://www.x23us.com/book/58083, 连载中, 8176369字,都市言情,1614,111538
超级美食帝国, 药王爷,http://www.x23us.com/book/57626, 连载中, 4401400字,都市言情,1361,143706
继承两万亿, 侠想,http://www.x23us.com/book/68207, 连载中, 720972字,都市言情,96,1060
唯一法神, 神击落太阳,http://www.x23us.com/book/64243, 连载中, 2485643字,都市言情,110,26833
娱乐大顽家, 五陵,http://www.x23us.com/book/68425, 连载中, 3367字,都市言情,0,0
修真的酋长, 小鱼吃龙肉,http://www.x23us.com/book/68426, 连载中, 335648字,都市言情,2,20
重生之大梦七年, 阡陌杨柳,http://www.x23us.com/book/68427, 连载中, 2122278字,都市言情,5,49
魔禁之万物冻结, 云月流光,http://www.x23us.com/book/60094, 连载中, 3779199字,都市言情,550,133362
重生之我的漫画, 神光侠,http://www.x23us.com/book/68132, 连载中, 362810字,都市言情,34,478
我的道士生涯, 夏日香槟,http://www.x23us.com/book/57683, 连载中, 8570107字,都市言情,1244,61575
女总裁的功夫神医, 坐墙等红杏,http://www.x23us.com/book/59419, 连载中, 6992082字,都市言情,697,81370
超级巨兽分身, 独尚兰舟,http://www.x23us.com/book/68414, 连载中, 316084字,都市言情,8,41
无敌英雄系统, 忘川三途,http://www.x23us.com/book/64095, 连载中, 2702770字,都市言情,1336,288849
终极学生在都市, 日暮客愁,http://www.x23us.com/book/67566, 连载中, 3867221字,都市言情,235,10495
女总裁的全能兵王, 寂寞的舞者,http://www.x23us.com/book/67111, 连载中, 5093035字,都市言情,57,31187
魔魂枪风, 落雪不止,http://www.x23us.com/book/59801, 连载中, 4988102字,都市言情,58,41244
重生之苍莽人生, velver,http://www.x23us.com/book/57160, 连载中, 4649874字,都市言情,830,82296
超自然大英雄, 青狐妖,http://www.x23us.com/book/67573, 连载中, 3518223字,都市言情,529,14504
混世矿工, 牧尘客,http://www.x23us.com/book/62931, 连载中, 3904060字,都市言情,2638,183096
鉴宝秘术, 北域神灯,http://www.x23us.com/book/51828, 连载中, 11893991字,都市言情,4592,571032
九阳帝尊, 剑棕,http://www.x23us.com/book/52973, 连载中, 3843990字,都市言情,3155,367044
龙王传说, 唐家三少,http://www.x23us.com/book/58671, 连载中, 3667700字,都市言情,19334,7236804
异界那些事儿, 寂寞的化石,http://www.x23us.com/book/57979, 连载中, 4928856字,都市言情,1102,162680
重生之光辉人生, 狂风徐徐,http://www.x23us.com/book/67641, 连载中, 1570091字,都市言情,285,11889
宗师巨星, 赫墨,http://www.x23us.com/book/66649, 连载中, 1917660字,都市言情,747,54613
大国文娱, 香港大亨,http://www.x23us.com/book/68263, 连载中, 766273字,都市言情,14,212
最强小农民, 西瓜星人,http://www.x23us.com/book/67120, 连载中, 4334910字,都市言情,547,61651
天幕神捕, 东城令,http://www.x23us.com/book/67357, 连载中, 2294776字,玄幻魔法,537,182968
潮汐进化, 卖盘的狐狸,http://www.x23us.com/book/67981, 连载中, 1016147字,玄幻魔法,192,7399
仙武大明星, 上江君,http://www.x23us.com/book/68076, 连载中, 720912字,玄幻魔法,54,470
自然守望者, 老衲不能吃素,http://www.x23us.com/book/67389, 连载中, 1582287字,玄幻魔法,278,40744
光灵行传, 雷文D维克萨斯,http://www.x23us.com/book/60350, 连载中, 6574715字,玄幻魔法,245,35282
以神为饵, 光环嘟,http://www.x23us.com/book/68230, 连载中, 523403字,玄幻魔法,4,256
瞳宰天下, 绝谷刀客,http://www.x23us.com/book/55526, 连载中, 5043479字,玄幻魔法,1103,110224
神魔供应商, 何处不染尘,http://www.x23us.com/book/68309, 连载中, 1281085字,玄幻魔法,96,773
大自在逍遥天子, 我看青山,http://www.x23us.com/book/68374, 连载中, 661842字,武侠修真,43,832
破庙有神仙, 雪满林中,http://www.x23us.com/book/63877, 连载中, 3703992字,武侠修真,1790,462136
苍穹仙主, 依旧的迷茫,http://www.x23us.com/book/64201, 连载中, 2533371字,武侠修真,177,34550
无限制神话, 废纸桥,http://www.x23us.com/book/67940, 连载中, 1140225字,武侠修真,341,21917
双天行, 阿风八千,http://www.x23us.com/book/66332, 连载中, 1872326字,武侠修真,51,13461
长生处处开宝箱, 柴余,http://www.x23us.com/book/67576, 连载中, 1541674字,武侠修真,252,19492
僵尸爱打劫, 拼命的牛,http://www.x23us.com/book/68334, 连载中, 262519字,武侠修真,11,349
帝国战车, 百里草海,http://www.x23us.com/book/68406, 连载中, 205209字,历史军事,0,0
贼军, 解甲归田,http://www.x23us.com/book/68407, 连载中, 269461字,历史军事,0,2
逍遥秀才, 欢乐蜗牛,http://www.x23us.com/book/67600, 连载中, 777882字,历史军事,165,5930
天纵云骑, 无材补天,http://www.x23us.com/book/68293, 连载中, 548915字,历史军事,19,967
山海无限镜花缘, 源子夫,http://www.x23us.com/book/64664, 连载中, 2163126字,历史军事,105,27085
抗日之铁血智将, 5749,http://www.x23us.com/book/67980, 连载中, 2337559字,历史军事,661,13661
晋枭, 萧无逸,http://www.x23us.com/book/68430, 连载中, 119327字,历史军事,1,16
仙域科技霸主, 试剑天涯,http://www.x23us.com/book/64252, 连载中, 4257198字,武侠修真,764,91185
纪元之主, 暗淡冷漠,http://www.x23us.com/book/59923, 连载中, 3644514字,武侠修真,368,35583
重生之我的兄弟是阎王, 九斤八两,http://www.x23us.com/book/68226, 连载中, 958737字,武侠修真,10,390
重生封神之逆天成圣, 果芭,http://www.x23us.com/book/67549, 连载中, 2579844字,武侠修真,304,16928
魔门败类, 惊涛骇浪,http://www.x23us.com/book/54971, 连载中, 4389794字,武侠修真,1903,268562
大自在逍遥天子, 我看青山,http://www.x23us.com/book/68374, 连载中, 661842字,武侠修真,43,832
破庙有神仙, 雪满林中,http://www.x23us.com/book/63877, 连载中, 3703992字,武侠修真,1790,462136
苍穹仙主, 依旧的迷茫,http://www.x23us.com/book/64201, 连载中, 2533371字,武侠修真,177,34550
双天行, 阿风八千,http://www.x23us.com/book/66332, 连载中, 1872326字,武侠修真,51,13461
长生处处开宝箱, 柴余,http://www.x23us.com/book/67576, 连载中, 1541674字,武侠修真,252,19492
僵尸爱打劫, 拼命的牛,http://www.x23us.com/book/68334, 连载中, 262519字,武侠修真,11,349
重生在神话世界, 纸生云烟,http://www.x23us.com/book/63179, 连载中, 3124559字,武侠修真,2017,284947
盛唐风华, 天使奥斯卡,http://www.x23us.com/book/68402, 连载中, 480349字,都市言情,0,1
全知全能者, 李仲道,http://www.x23us.com/book/66536, 连载中, 795732字,都市言情,464,135893
直播之我们要逆袭, 修身,http://www.x23us.com/book/68404, 连载中, 187167字,都市言情,0,0
最佳影星, 白色十三号,http://www.x23us.com/book/68102, 连载中, 888508字,都市言情,66,936
我家农场有条龙, 西方蜘蛛,http://www.x23us.com/book/54835, 连载中, 5911487字,都市言情,4717,409458
绝品护花兵王, 万古遗民,http://www.x23us.com/book/65725, 连载中, 4335226字,都市言情,249,21641
重生东瀛之幸福人生, 看啥都开心,http://www.x23us.com/book/68412, 连载中, 32482字,都市言情,0,0
灵兽电脑异界录, 仙神天下柚,http://www.x23us.com/book/57652, 连载中, 1373853字,都市言情,154,30483
英雄联盟之决胜巅峰, 机器人布里茨,http://www.x23us.com/book/63716, 连载中, 5506363字,都市言情,914,406524
重生九二之商业大亨, 落梅河,http://www.x23us.com/book/55614, 连载中, 6237113字,都市言情,1604,253379
尊上, 九哼,http://www.x23us.com/book/64081, 连载中, 3636945字,都市言情,1107,324711
美食探险队, 小墨年糕,http://www.x23us.com/book/68242, 连载中, 507940字,都市言情,11,372
终极盆栽, 一起数月亮,http://www.x23us.com/book/68196, 连载中, 609705字,都市言情,28,392
极品最强大少, 平凡心,http://www.x23us.com/book/66330, 连载中, 8248834字,都市言情,412,37074
美利坚仓储淘宝王, 炉中火暖你我,http://www.x23us.com/book/65457, 连载中, 2193752字,都市言情,1619,151577
锋神传奇, 飞翔的田园犬,http://www.x23us.com/book/64777, 连载中, 3107252字,都市言情,210,29946
重生于末世, 心想事成3,http://www.x23us.com/book/60330, 连载中, 4725369字,都市言情,359,87287
神奇牧场, 若忘书,http://www.x23us.com/book/68071, 连载中, 363902字,都市言情,170,863
网游之星剑传奇, 星辰旅者,http://www.x23us.com/book/53850, 连载中, 5256178字,都市言情,397,130428
惑乱红楼, 允人,http://www.x23us.com/book/68039, 连载中, 1255875字,历史军事,77,1037
豺狼佳人, 最爱睡觉,http://www.x23us.com/book/67052, 连载中, 1873445字,历史军事,35,3183
1937全球速递, 畅总助理,http://www.x23us.com/book/67379, 连载中, 924853字,历史军事,210,30341
世城, 梦归昨人,http://www.x23us.com/book/48725, 连载中, 1755365字,历史军事,5,58228
末世之魔卡时代, 火竹皓月,http://www.x23us.com/book/48493, 连载中, 6976833字,历史军事,1107,195290
网游之天生红名, 罗白,http://www.x23us.com/book/27541, 已完成, 728627字,侦探推理,5,24434
英雄联盟闯异界, 像猫的狮子,http://www.x23us.com/book/31461, 连载中, 1640170字,侦探推理,339,380745
英雄监狱, 黄华溢,http://www.x23us.com/book/28385, 连载中, 4555607字,侦探推理,2290,711677
惊悚乐园, 三天两觉,http://www.x23us.com/book/27414, 连载中, 5593556字,侦探推理,4462,1388463
天国的水晶宫, 流血的星辰a,http://www.x23us.com/book/27700, 连载中, 6003011字,侦探推理,1369,440020
鬼喘气, 邪灵一把刀,http://www.x23us.com/book/61691, 连载中, 2382194字,侦探推理,17,3541
古庙禁地, 湘西鬼王,http://www.x23us.com/book/59317, 连载中, 1891842字,侦探推理,29,3499
谨言, 来自远方,http://www.x23us.com/book/60854, 连载中, 1350448字,侦探推理,9,32955
辟天狂神, 慕容兰烟,http://www.x23us.com/book/59161, 连载中, 3470509字,侦探推理,64,12011
黄金王座, 赤北,http://www.x23us.com/book/26496, 已完成, 2994789字,侦探推理,53,623167
元娘, 安瑾萱,http://www.x23us.com/book/60802, 已完成, 1281993字,侦探推理,18,8436
族长压力大, 雁九,http://www.x23us.com/book/68109, 连载中, 518139字,历史军事,38,705
三国之无赖兵王, 讳岩,http://www.x23us.com/book/67408, 连载中, 2952921字,历史军事,494,63276
建设盛唐, 比萨饼,http://www.x23us.com/book/65449, 连载中, 2672254字,历史军事,513,27775
明末工程师, 米酿,http://www.x23us.com/book/66741, 连载中, 2537066字,历史军事,1441,384744
乱世扬明, 小雨非非,http://www.x23us.com/book/67179, 连载中, 2023047字,历史军事,211,14775
带着仓库到大明, 迪巴拉爵士,http://www.x23us.com/book/67069, 连载中, 3263219字,历史军事,1789,415265
权臣风流, 梁可凡,http://www.x23us.com/book/66928, 连载中, 1878077字,历史军事,294,24221
三国之群雄召唤, 龙城狼骑,http://www.x23us.com/book/63607, 连载中, 1222501字,历史军事,349,32277
大宋的最强纨绔子弟, 灰头小宝2,http://www.x23us.com/book/65728, 连载中, 3289041字,历史军事,1006,162140
大唐贞观第一纨绔, 危险的世界,http://www.x23us.com/book/68007, 连载中, 2029831字,历史军事,438,3197
抗战之第十班, 拉风狂人扫天,http://www.x23us.com/book/66793, 连载中, 2816606字,历史军事,1037,78041
大国医, 美味罗宋汤,http://www.x23us.com/book/63630, 连载中, 1146312字,历史军事,440,81142
盛唐不遗憾, 朕御山河,http://www.x23us.com/book/64350, 连载中, 2471275字,历史军事,292,27893
唐朝好地主, 木子蓝色,http://www.x23us.com/book/65055, 连载中, 5270083字,历史军事,3989,1084662
超凡兵王, 8难,http://www.x23us.com/book/66744, 连载中, 2804904字,历史军事,316,89629
天道天骄, 拈花一叶,http://www.x23us.com/book/41965, 连载中, 8962060字,历史军事,807,372771
雷武, 中下马笃,http://www.x23us.com/book/41315, 连载中, 13020089字,历史军事,2676,1082152
抗战烽火之护国系统, 你跑它就追,http://www.x23us.com/book/68405, 连载中, 377666字,历史军事,0,0
凡世歌, 小妖方狄,http://www.x23us.com/book/64247, 连载中, 2285233字,武侠修真,84,18506
一世富贵, 安化军,http://www.x23us.com/book/60766, 连载中, 3714475字,历史军事,886,210016
贼军, 解甲归田,http://www.x23us.com/book/68407, 连载中, 269461字,历史军事,0,2
我有皇帝分身, 四海真龙,http://www.x23us.com/book/63654, 连载中, 4194009字,历史军事,1271,79423
抗日之川军血歌, 秋刀鱼的汁味,http://www.x23us.com/book/67329, 连载中, 4144588字,历史军事,589,43500
明末之虎, 遥远之矢,http://www.x23us.com/book/66398, 连载中, 2328681字,历史军事,402,35589
梦入红楼, 桃李不谙春风,http://www.x23us.com/book/67619, 连载中, 730638字,历史军事,111,5291
津川家的野望, 吉良上总介,http://www.x23us.com/book/67176, 连载中, 1647590字,历史军事,148,19971
帝国霸主, 龙灵骑士,http://www.x23us.com/book/67172, 连载中, 2047163字,历史军事,351,141143
极品帝王, 兵魂,http://www.x23us.com/book/58468, 连载中, 4792824字,历史军事,579,102762
大明文魁, 幸福来敲门,http://www.x23us.com/book/56974, 连载中, 2254746字,历史军事,2721,397605
大唐将军烈, 最后的烟屁股,http://www.x23us.com/book/58734, 连载中, 4174549字,历史军事,1098,85123
晋枭, 萧无逸,http://www.x23us.com/book/68430, 连载中, 119327字,历史军事,1,16
革宋, 绯红之月,http://www.x23us.com/book/68081, 连载中, 612018字,历史军事,32,511
穿越1630之崛起南美, 孤独麦客,http://www.x23us.com/book/44778, 连载中, 6526694字,历史军事,1540,544183
大明最后一个太子, 几字微言,http://www.x23us.com/book/57283, 连载中, 3626624字,历史军事,986,95514
最强炊事兵, 菠菜面筋,http://www.x23us.com/book/67004, 连载中, 1940235字,历史军事,596,177081
大汉龙骑, 皇叔刘司马,http://www.x23us.com/book/54167, 连载中, 4999659字,历史军事,699,109986
宗明天下, 七帅,http://www.x23us.com/book/67312, 连载中, 1960281字,历史军事,184,37641
三国之召唤水浒, 超级罗非鱼,http://www.x23us.com/book/67133, 连载中, 1653472字,历史军事,286,43605
劫天运, 浮梦流年,http://www.x23us.com/book/58089, 已完成, 8251469字,侦探推理,1378,49252
梦幻之双重系统, 暴走兔,http://www.x23us.com/book/27919, 连载中, 248357字,侦探推理,20,82645
巨龙王座, 焰闪,http://www.x23us.com/book/28653, 连载中, 5305915字,侦探推理,237,222490
三国之占山为王, 黄巾渠帅,http://www.x23us.com/book/31795, 已完成, 689378字,侦探推理,51,19048
隐婚市长, 明月儿,http://www.x23us.com/book/62991, 连载中, 658366字,侦探推理,6,10138
魔兽战神, 龙人,http://www.x23us.com/book/64482, 连载中, 6581078字,侦探推理,167,37927
末世之位面战场, 蚂蚁巡守,http://www.x23us.com/book/26606, 连载中, 401983字,侦探推理,9,32066
元始系统, 元始系统,http://www.x23us.com/book/28205, 连载中, 600568字,侦探推理,35,50702
赤炎, 开心妖王,http://www.x23us.com/book/61767, 连载中, 1124664字,侦探推理,2,4640
炮王, 管杀不管填,http://www.x23us.com/book/60774, 连载中, 1492490字,侦探推理,17,4256
网游之九重天, 鹰霖莲,http://www.x23us.com/book/28896, 连载中, 754395字,侦探推理,4,8233
极灵混沌决, 若雨随风,http://www.x23us.com/book/59159, 连载中, 4696464字,侦探推理,1365,179437
求魔灭神, 打死都要钱,http://www.x23us.com/book/60800, 连载中, 3055308字,侦探推理,12,6327
重生盘古, 仙尘蝶变,http://www.x23us.com/book/62406, 已完成, 328880字,侦探推理,100,6494
腹黑警官嫁不得, 如果这样,http://www.x23us.com/book/63803, 连载中, 889352字,侦探推理,6,5383
远南, 野法师,http://www.x23us.com/book/25879, 连载中, 706989字,侦探推理,8,43232
蛇女, 璇墨,http://www.x23us.com/book/56350, 连载中, 2786004字,侦探推理,261,35456
偷爱, 龙有悔,http://www.x23us.com/book/61535, 连载中, 969922字,侦探推理,1165,39058
末世黑暗纪, 伟岸蟑螂,http://www.x23us.com/book/26678, 连载中, 5808051字,侦探推理,1241,900477
超级兵王之官路风流, 码字小神,http://www.x23us.com/book/61457, 连载中, 2003000字,侦探推理,35,5909
掌控无限, 猫咪的俘虏,http://www.x23us.com/book/27566, 连载中, 1043262字,侦探推理,30,88008
原住民, 昔川,http://www.x23us.com/book/31388, 连载中, 738858字,侦探推理,2,14231
阴阳代理人, 暗丶修兰,http://www.x23us.com/book/56286, 已完成, 12441967字,侦探推理,1608,66678
武侠世界大冒险, 五方行尽,http://www.x23us.com/book/26682, 连载中, 2849810字,侦探推理,2538,773022
网游之坑人作弊器, 玩火的腐竹,http://www.x23us.com/book/27398, 连载中, 513048字,侦探推理,13,25306
永不下线, 思马,http://www.x23us.com/book/27148, 连载中, 859180字,侦探推理,31,143650
英雄联盟之职业人生, 绿枫叶,http://www.x23us.com/book/28319, 已完成, 5137526字,侦探推理,531,522160
身后有鬼, 根号,http://www.x23us.com/book/58582, 已完成, 1092764字,侦探推理,6,2653
末世星辰, 太戈,http://www.x23us.com/book/27362, 连载中, 2895277字,侦探推理,279,158169
为妻不贤, 素衣渡江,http://www.x23us.com/book/61549, 已完成, 689826字,侦探推理,8,3178
魔物娘手册, 星熊勇仪,http://www.x23us.com/book/28418, 已完成, 1804547字,侦探推理,135,159458
美职篮之王, 有篮子,http://www.x23us.com/book/29050, 连载中, 1378510字,侦探推理,78,467106
龙基谷, 不叼烟的寂寞,http://www.x23us.com/book/26269, 连载中, 435891字,侦探推理,6,16497
灵棺夜行, 看门狗,http://www.x23us.com/book/58117, 连载中, 1350264字,侦探推理,22,6440
潘驴邓小闲, 潘小贤,http://www.x23us.com/book/62455, 连载中, 3227884字,侦探推理,35,3700
我的天网老婆, 不笑生,http://www.x23us.com/book/27465, 连载中, 3710047字,侦探推理,31,270808
网游之爱妹无敌, 黑乎乎的老妖,http://www.x23us.com/book/26127, 连载中, 360936字,侦探推理,16,39483
元素之王, 青涩苍穹,http://www.x23us.com/book/68093, 连载中, 711985字,网游动漫,35,1784
重生之暗夜崛起, 家里第三胖,http://www.x23us.com/book/68326, 连载中, 1265392字,网游动漫,29,1007
异界大老板, 七言诗曰,http://www.x23us.com/book/68329, 连载中, 417026字,网游动漫,16,451
绿洲中的领主, 济府老赵,http://www.x23us.com/book/68058, 连载中, 873287字,网游动漫,142,2692
逍遥梦路, 文抄公,http://www.x23us.com/book/68235, 连载中, 432519字,网游动漫,21,670
英雄联盟：领袖之勋, 爱开大差,http://www.x23us.com/book/67656, 连载中, 781283字,网游动漫,67,11896
舰娘之蔚蓝舰姬, 紫色之翼,http://www.x23us.com/book/67442, 连载中, 1410450字,网游动漫,225,37386
三国神话世界, 永牧,http://www.x23us.com/book/68327, 连载中, 614750字,网游动漫,68,1184
不朽道果, 无量摩诃,http://www.x23us.com/book/67557, 连载中, 2056272字,网游动漫,478,60420
上古卷轴之天际至高王, 简竹间,http://www.x23us.com/book/67260, 连载中, 1669923字,网游动漫,239,20391
网游之绝学, 依郁,http://www.x23us.com/book/58486, 连载中, 2196559字,网游动漫,1728,108479
网游之进化战场, 何家小兵兵,http://www.x23us.com/book/68397, 连载中, 1076008字,网游动漫,69,1184
重生之领主时代, 白日会做梦,http://www.x23us.com/book/68365, 连载中, 369992字,网游动漫,59,975
众神棋盘, 英雄路远掌声近,http://www.x23us.com/book/68361, 连载中, 305661字,网游动漫,17,679
领主之兵伐天下, 神天衣,http://www.x23us.com/book/68000, 连载中, 1356691字,网游动漫,221,6725
无限瓦罗兰, flyyy,http://www.x23us.com/book/67644, 连载中, 1329371字,网游动漫,109,12639
超级全能控卫, 一江寒月,http://www.x23us.com/book/54533, 连载中, 3767287字,网游动漫,1934,222017
仙武世界大反派, 血月客,http://www.x23us.com/book/57378, 连载中, 4443584字,科幻小说,1437,206146
阴阳鬼医, 沙中灰,http://www.x23us.com/book/53497, 连载中, 8443900字,科幻小说,1430,296999
诸天问道系统, 笔下华章,http://www.x23us.com/book/68408, 连载中, 147569字,科幻小说,1,7
东方次元入侵, 深不可侧,http://www.x23us.com/book/68409, 连载中, 8552字,科幻小说,0,0
镇墓兽, 蔡骏,http://www.x23us.com/book/68156, 连载中, 313124字,科幻小说,25,531
科技制霸, 深海碧玺,http://www.x23us.com/book/68341, 连载中, 293915字,科幻小说,62,508
最强位面路人, 北火,http://www.x23us.com/book/67525, 连载中, 1487376字,科幻小说,655,39759
末世无限夺舍, 白菜老妖,http://www.x23us.com/book/64344, 连载中, 3265152字,科幻小说,1068,91562
电影世界之旅, 一点几米,http://www.x23us.com/book/68257, 连载中, 401811字,科幻小说,16,362
无限猫娘, 中华田园猫,http://www.x23us.com/book/67685, 连载中, 1124339字,科幻小说,65,5330
超级漫威副本, 冷冻水饺,http://www.x23us.com/book/57529, 连载中, 4970556字,科幻小说,791,41994
虚实进化, 百炼成殇,http://www.x23us.com/book/57838, 连载中, 5179260字,科幻小说,2219,139780
地球主神计划, 少爷张,http://www.x23us.com/book/68378, 连载中, 359605字,科幻小说,56,565
小霸王游戏穿梭机, 避世刀皇,http://www.x23us.com/book/68155, 连载中, 528472字,科幻小说,53,525
血诡世界, 飘风虎牙,http://www.x23us.com/book/64354, 连载中, 1777209字,科幻小说,171,32269
最终猎杀, 大飞艇,http://www.x23us.com/book/68094, 连载中, 433363字,科幻小说,41,830
魔法种族大穿越, 残酷厕纸天使,http://www.x23us.com/book/66954, 连载中, 2062516字,科幻小说,812,319808
神国永恒, 风邻晩,http://www.x23us.com/book/59109, 连载中, 2401826字,科幻小说,684,85209
血猎纵横, 失墨影,http://www.x23us.com/book/59592, 连载中, 2224354字,科幻小说,141,10132
御鬼者传奇, 沙之愚者,http://www.x23us.com/book/62769, 连载中, 9980487字,恐怖灵异,565,88884
锦绣大明, 路人家,http://www.x23us.com/book/64946, 连载中, 3680964字,恐怖灵异,214,35999
慕南枝, 吱吱,http://www.x23us.com/book/64890, 连载中, 2897645字,恐怖灵异,196,303611
至尊剑皇, 半步沧桑,http://www.x23us.com/book/64886, 连载中, 4346980字,恐怖灵异,1147,534661
诡神冢, 焚天孔雀,http://www.x23us.com/book/62918, 连载中, 2056454字,恐怖灵异,184,90382
尸凶, 灰小猪,http://www.x23us.com/book/65699, 连载中, 4256413字,恐怖灵异,226,65646
我忽悠着圣光, 我忽悠着圣光,http://www.x23us.com/book/65368, 连载中, 1570472字,恐怖灵异,316,95484
极品捉鬼师, 龙阳泣鱼,http://www.x23us.com/book/67086, 连载中, 3753169字,恐怖灵异,134,16510
恶灵国度, 弹指一笑间0,http://www.x23us.com/book/56790, 连载中, 4047392字,恐怖灵异,440,159320
鬼村扎纸人, 轻尘一笑,http://www.x23us.com/book/66941, 连载中, 2927527字,恐怖灵异,157,28528
万法梵医, 相思洗红豆,http://www.x23us.com/book/65529, 连载中, 2771101字,恐怖灵异,466,181622
武道之无尽轮回, 冬日之阳,http://www.x23us.com/book/65455, 连载中, 1860006字,恐怖灵异,770,165174
天才邪少, 陌上猪猪,http://www.x23us.com/book/64865, 连载中, 5822312字,恐怖灵异,218,16431
火影世界的幻术大宗师, 歌尔,http://www.x23us.com/book/65186, 连载中, 984045字,恐怖灵异,328,38974
最强武者, 西襄子,http://www.x23us.com/book/65435, 连载中, 1200221字,恐怖灵异,204,27880
复活之战斗在第三帝国, 锋锐,http://www.x23us.com/book/28891, 连载中, 4353111字,恐怖灵异,1582,128285
阴阳食谱, 蟋与蝉,http://www.x23us.com/book/66185, 连载中, 1783337字,恐怖灵异,86,38720
燃钢之魂, 阴天神隐,http://www.x23us.com/book/65065, 连载中, 1934846字,恐怖灵异,471,225051
超级角色球员, 易文三不知,http://www.x23us.com/book/65451, 连载中, 1837674字,恐怖灵异,599,153129
梦回隋唐之我是李建成, 清雅四少,http://www.x23us.com/book/65367, 连载中, 2541704字,恐怖灵异,238,15642
军火之王, 观星梦青冥,http://www.x23us.com/book/64932, 连载中, 2917594字,恐怖灵异,349,15173
天魂武帝, 漫长的一夜,http://www.x23us.com/book/65268, 连载中, 2387553字,恐怖灵异,99,14527
乱清, 青玉狮子,http://www.x23us.com/book/47991, 连载中, 5062776字,恐怖灵异,2269,483208
茅山之阴阳鬼医, 鬼哭老朽,http://www.x23us.com/book/66281, 连载中, 3155091字,恐怖灵异,122,43549
星空下的舰娘, 言溪若尘,http://www.x23us.com/book/64939, 连载中, 2668942字,恐怖灵异,350,40771
种地的武神, 与天论道,http://www.x23us.com/book/65192, 连载中, 2749416字,恐怖灵异,108,12862
网游之至尊神猎, 扑通的一声,http://www.x23us.com/book/64938, 连载中, 1588988字,恐怖灵异,428,38150
天策诡途, 海鸣威,http://www.x23us.com/book/57625, 连载中, 3726482字,恐怖灵异,109,59983
三国领主时代, 懒猫不瘦,http://www.x23us.com/book/65601, 连载中, 2042671字,恐怖灵异,378,52738
无限之勇敢者游戏, 无声的言者,http://www.x23us.com/book/27058, 已完成, 2454737字,散文诗词,38,146328
重生再不当小三儿, 禹希,http://www.x23us.com/book/62113, 连载中, 257494字,散文诗词,5,4475
美女圣约书, 青菜扮豆腐,http://www.x23us.com/book/25898, 连载中, 10278658字,散文诗词,1031,136227
我跟你的世界, 拉克丝最爱的奇,http://www.x23us.com/book/30707, 连载中, 2755823字,散文诗词,67,30015
重生之借种, 五行八卦,http://www.x23us.com/book/61976, 已完成, 512765字,散文诗词,36,7855
无限道武者路, 饥饿2006,http://www.x23us.com/book/764, 连载中, 4574064字,散文诗词,1997,306495
进化的四十六亿重奏, 相位行者,http://www.x23us.com/book/28420, 连载中, 9005179字,散文诗词,2113,564014
重生之锦好, 一粟红尘,http://www.x23us.com/book/61845, 已完成, 1985485字,散文诗词,19,6285
重生之毒妃, 梅果,http://www.x23us.com/book/61360, 已完成, 4299446字,散文诗词,35,15490
天贵逃妃之腹黑两宝, 肥妈向善,http://www.x23us.com/book/62211, 已完成, 894342字,散文诗词,21,7212
游戏王KM2, askshow,http://www.x23us.com/book/22433, 连载中, 2193609字,散文诗词,6,14291
九歌, 玉疏竹,http://www.x23us.com/book/56924, 连载中, 173954字,散文诗词,2,4986
恋上校草的吻, 扬扬,http://www.x23us.com/book/61773, 连载中, 4061076字,散文诗词,1,9494
皇家儿媳妇, 薄慕颜,http://www.x23us.com/book/61044, 连载中, 1269050字,散文诗词,2,4417
天灾, 半醉游子,http://www.x23us.com/book/27422, 已完成, 3570778字,散文诗词,389,180459
娶个皇后不争宠, 梵缺,http://www.x23us.com/book/61162, 已完成, 1235881字,散文诗词,15,4085
清纯僵尸小妹, 滴血,http://www.x23us.com/book/48855, 连载中, 399877字,散文诗词,13,30373
重生之女配逆袭, 九尾紫狐狸,http://www.x23us.com/book/62027, 已完成, 576717字,散文诗词,29,14899
绮户流年, 春温一笑,http://www.x23us.com/book/61948, 已完成, 639013字,散文诗词,7,5921
庶妻, 悦动心弦,http://www.x23us.com/book/59197, 已完成, 455306字,散文诗词,10,4461
我的身体有怪兽, 醉萧瑟,http://www.x23us.com/book/25713, 连载中, 1004249字,散文诗词,32,113858
收继婚, 舍念念,http://www.x23us.com/book/59334, 连载中, 473674字,散文诗词,2,2859
召唤萌战记, 莉安娜蒂法,http://www.x23us.com/book/26486, 连载中, 2743895字,散文诗词,389,264283
盛宠狂妃, 方圆,http://www.x23us.com/book/62367, 连载中, 446377字,散文诗词,5,5071
某异界的神奇宝贝大师, 修的宅愿,http://www.x23us.com/book/31091, 连载中, 3408273字,散文诗词,156,98557
盘龙之圆满超脱, 无幽无褛,http://www.x23us.com/book/68121, 连载中, 427916字,其他类型,47,1025
奥多姆之涅槃, 逝去夕阳西下,http://www.x23us.com/book/66598, 连载中, 2907570字,其他类型,135,16085
女总裁的贴身兵王, 黑夜不寂寞,http://www.x23us.com/book/67724, 连载中, 10259511字,其他类型,11,2471
我的女仆是恶魔, 空明音,http://www.x23us.com/book/67192, 连载中, 2355008字,其他类型,140,13820
娱乐掌控者, 威武武威,http://www.x23us.com/book/67061, 连载中, 2132139字,其他类型,223,80482
负债恶魔追债天使, 杯具泡茬,http://www.x23us.com/book/68393, 连载中, 192900字,其他类型,5,177
英雄联盟：上帝之手, 三千勿忘尽,http://www.x23us.com/book/65861, 连载中, 1650954字,其他类型,259,114458
娱乐玩童, 金色火烧云,http://www.x23us.com/book/66695, 连载中, 2782372字,其他类型,406,147015
为美好的异世献上科学, 卢碧,http://www.x23us.com/book/68153, 连载中, 673170字,其他类型,43,377
海贼同盟, 红叶知玄,http://www.x23us.com/book/68418, 连载中, 337014字,其他类型,0,26
精灵世纪：GO, 苏庸,http://www.x23us.com/book/67370, 连载中, 2391867字,其他类型,211,88120
漫威世界掌控者, 女衣,http://www.x23us.com/book/68372, 连载中, 396248字,其他类型,50,418
超级医生在都市, 浪荡邪少,http://www.x23us.com/book/65977, 连载中, 3542402字,其他类型,466,56659
NBA万界商城, 远古莱德,http://www.x23us.com/book/68332, 连载中, 647788字,其他类型,33,644
逆向恋爱游戏, 田中秋,http://www.x23us.com/book/68145, 连载中, 477486字,其他类型,43,883
超级小前锋, 超级麦克风,http://www.x23us.com/book/67169, 连载中, 1830144字,其他类型,132,22637
重活之逍遥大明星, 宇莫殇,http://www.x23us.com/book/67346, 连载中, 1552662字,其他类型,402,43379
海贼：厌世之歌, 农夫一拳,http://www.x23us.com/book/68433, 连载中, 526005字,其他类型,7,66
球场凯撒, 走三,http://www.x23us.com/book/68201, 连载中, 633530字,其他类型,10,457
我可能救了个假世界, 七星少将,http://www.x23us.com/book/68287, 连载中, 294512字,其他类型,11,468
一代战将, 玗石页,http://www.x23us.com/book/64089, 连载中, 2495318字,历史军事,865,48852
寒门状元, 天子,http://www.x23us.com/book/58910, 连载中, 5851186字,历史军事,6189,797784
懒散初唐, 北冥老鱼,http://www.x23us.com/book/64400, 连载中, 2671857字,历史军事,2972,525163
抗日之特战兵王, 寂寞剑客,http://www.x23us.com/book/57887, 连载中, 7057311字,历史军事,1147,89576
战国修罗传, 御宅烟魔,http://www.x23us.com/book/63255, 连载中, 3199543字,历史军事,288,45211
全能文艺兵, 上允,http://www.x23us.com/book/68435, 连载中, 13169字,历史军事,0,0
宋道, 隔壁老黄哥,http://www.x23us.com/book/60640, 连载中, 2522660字,历史军事,218,23427
原始人都惊呆了, 千书过,http://www.x23us.com/book/67425, 连载中, 2099164字,历史军事,285,54078
铁血女兵, 暮色月语,http://www.x23us.com/book/67436, 连载中, 4212738字,历史军事,68,4340
战斗在甲午年, 西瓜是水果,http://www.x23us.com/book/68232, 连载中, 1549347字,历史军事,16,168
异界最强战斗法师, 木木狂歌,http://www.x23us.com/book/28447, 已完成, 4435854字,侦探推理,361,320477
毒宠佣兵王妃, 猫小猫,http://www.x23us.com/book/62389, 已完成, 3253237字,侦探推理,266,57563
阴阳师秘录, 北国之鸟,http://www.x23us.com/book/58150, 已完成, 1632876字,侦探推理,93,11516
阴间到底是什么, 奔放的程序员,http://www.x23us.com/book/56709, 已完成, 1449365字,侦探推理,47,9096
人皮面具, 王三一,http://www.x23us.com/book/62106, 已完成, 542688字,侦探推理,11,5168
热血传奇生涯, 夜晚很黑,http://www.x23us.com/book/26869, 连载中, 602997字,侦探推理,28,17651
九武神尊, 九棵松,http://www.x23us.com/book/62448, 连载中, 2472301字,侦探推理,13,6341
逆武星辰, 承诺过的伤,http://www.x23us.com/book/60803, 已完成, 1240522字,侦探推理,92,6478
伊伯尔战记, Panda酒仙,http://www.x23us.com/book/34005, 连载中, 874594字,侦探推理,17,13981
院长驾到, 蝙蝠饭团,http://www.x23us.com/book/26511, 连载中, 3626078字,侦探推理,1015,857672
网游之厄运先生, 二亩田,http://www.x23us.com/book/28250, 已完成, 8887477字,侦探推理,140,186129
无限逃亡, 南风蔚然,http://www.x23us.com/book/26930, 连载中, 1017010字,侦探推理,24,83462
梦幻西游大主播, 懵比的小提莫,http://www.x23us.com/book/68363, 连载中, 265017字,网游动漫,33,653
网游之双修战僧, 堆砌的小方块,http://www.x23us.com/book/67420, 连载中, 1313749字,网游动漫,218,14729
网游三国之无双, 悟三生,http://www.x23us.com/book/68362, 连载中, 891030字,网游动漫,42,536
爆裂法师, 梅子味鸡排,http://www.x23us.com/book/68091, 连载中, 284091字,网游动漫,16,912
网游之神级土豪, 极目天狗,http://www.x23us.com/book/68029, 连载中, 709511字,网游动漫,273,4390
重装漂流岛, 无语的星辰,http://www.x23us.com/book/68142, 连载中, 920643字,网游动漫,57,1651
全民策划之幕后黑手, 衍天轮,http://www.x23us.com/book/67696, 连载中, 856426字,网游动漫,97,10950
乱舞刀塔, 虎纹珑虾,http://www.x23us.com/book/67369, 连载中, 1474976字,网游动漫,66,12408
网游之睥睨上古, 天鸠,http://www.x23us.com/book/58518, 连载中, 3737871字,网游动漫,631,56436
绝世联盟, 醉酒仙侠,http://www.x23us.com/book/61013, 连载中, 2661977字,网游动漫,299,29255
网游三国之天下诸侯, 小巷布衣,http://www.x23us.com/book/68364, 连载中, 319135字,网游动漫,60,1018
世界最强输出, 自游自在,http://www.x23us.com/book/68396, 连载中, 286475字,网游动漫,75,1310
开局一个大天使, 正北方,http://www.x23us.com/book/68205, 连载中, 560421字,网游动漫,54,1075
众神棋盘, 英雄路远掌声近,http://www.x23us.com/book/68361, 连载中, 305661字,网游动漫,17,679
英雄联盟之我真是皮肤控, 佑佐佑右,http://www.x23us.com/book/67658, 连载中, 1456466字,网游动漫,131,10885
天才后卫, 幸福微光,http://www.x23us.com/book/63293, 连载中, 5243939字,网游动漫,443,26994
骑砍之马踏天下, 爱生活爱一刀,http://www.x23us.com/book/68141, 连载中, 461893字,网游动漫,78,1393
网游三国之铁血征程, 风殇雪胤,http://www.x23us.com/book/68360, 连载中, 349007字,网游动漫,25,536
网游之强化大师, 自在核桃,http://www.x23us.com/book/67974, 连载中, 1095976字,网游动漫,379,12740
网游之进化战场, 何家小兵兵,http://www.x23us.com/book/68397, 连载中, 1076008字,网游动漫,69,1184
游戏开发指南, 我爱厨房,http://www.x23us.com/book/68234, 连载中, 350065字,网游动漫,6,794
上古卷轴之天际至高王, 简竹间,http://www.x23us.com/book/67260, 连载中, 1669923字,网游动漫,239,20391
传奇锻造师, 第一支烟,http://www.x23us.com/book/68055, 连载中, 660316字,网游动漫,88,1541
从零开始, 雷云风暴,http://www.x23us.com/book/218, 连载中, 21209959字,网游动漫,1922,824902
校园篮球风云, 大秦炳炳,http://www.x23us.com/book/7287, 连载中, 2303602字,网游动漫,70,25826
危险啊孩子, 肖远征,http://www.x23us.com/book/48895, 连载中, 1312238字,网游动漫,10,55754
天命大盗, 割以永治,http://www.x23us.com/book/67990, 连载中, 666731字,网游动漫,41,3301
重生之新世界, 轻声悲伤,http://www.x23us.com/book/67108, 连载中, 2051841字,网游动漫,318,16488
天王时代, 纯洁的胖子,http://www.x23us.com/book/12551, 连载中, 4948509字,网游动漫,357,296446
无限之惊喜时代, 析cheng,http://www.x23us.com/book/68387, 连载中, 334781字,网游动漫,0,0
游戏三国之英雄传说, 穿过红尘,http://www.x23us.com/book/24506, 已完成, 6917306字,网游动漫,737,1226531
超级拍卖行, 玉米熊,http://www.x23us.com/book/26372, 连载中, 10479304字,网游动漫,4383,1135637
绝品邪少, 陨落星辰,http://www.x23us.com/book/26376, 连载中, 23032111字,网游动漫,3599,1352364
心跳领域, 青灯弄影,http://www.x23us.com/book/68388, 连载中, 840280字,网游动漫,7,491
守望大主播, 无柄小叶榕,http://www.x23us.com/book/67657, 连载中, 687155字,网游动漫,59,9309
骑砍之马踏天下, 爱生活爱一刀,http://www.x23us.com/book/68141, 连载中, 461893字,网游动漫,78,1393
元素之王, 青涩苍穹,http://www.x23us.com/book/68093, 连载中, 711985字,网游动漫,35,1784
异界大老板, 七言诗曰,http://www.x23us.com/book/68329, 连载中, 417026字,网游动漫,16,451
英雄联盟：领袖之勋, 爱开大差,http://www.x23us.com/book/67656, 连载中, 781283字,网游动漫,67,11896
舰娘之蔚蓝舰姬, 紫色之翼,http://www.x23us.com/book/67442, 连载中, 1410450字,网游动漫,225,37386
绿洲中的领主, 济府老赵,http://www.x23us.com/book/68058, 连载中, 873287字,网游动漫,142,2692
英雄联盟之我真是皮肤控, 佑佐佑右,http://www.x23us.com/book/67658, 连载中, 1456466字,网游动漫,131,10885
游戏开发指南, 我爱厨房,http://www.x23us.com/book/68234, 连载中, 350065字,网游动漫,6,794
光脑武尊, 晚间八点档,http://www.x23us.com/book/63656, 连载中, 3815648字,科幻小说,3044,269100
美漫之多塔杂货铺, 五铢钱,http://www.x23us.com/book/67248, 连载中, 1309458字,科幻小说,484,73788
我在异界有座城, 寒慕白,http://www.x23us.com/book/67231, 连载中, 2879147字,科幻小说,961,66252
成神风暴, 衣食无忧,http://www.x23us.com/book/64880, 连载中, 3838688字,科幻小说,1665,217566
电影角色入侵, 恐怖如厮,http://www.x23us.com/book/68158, 连载中, 358037字,科幻小说,86,756
请叫我邪神大人, 剑上独觉,http://www.x23us.com/book/68086, 连载中, 500790字,科幻小说,45,786
位面电梯, 千翠百恋,http://www.x23us.com/book/63512, 连载中, 4287452字,科幻小说,4357,920753
电影的世界, 有梦之人,http://www.x23us.com/book/68043, 连载中, 547013字,科幻小说,317,1984
直死无限, 如倾如诉,http://www.x23us.com/book/67066, 连载中, 3573395字,科幻小说,1040,664647
位面源代码, 不啃菠萝皮,http://www.x23us.com/book/67190, 连载中, 1333784字,科幻小说,666,78653
修真四万年, 卧牛真人,http://www.x23us.com/book/54775, 连载中, 8993010字,科幻小说,8817,1301764
末世小馆, 秦善官,http://www.x23us.com/book/68042, 连载中, 1022032字,科幻小说,155,2275
黑暗大纪元, 妖仙公子,http://www.x23us.com/book/68047, 连载中, 1849588字,科幻小说,380,2868
无限之神座无敌, 城之天,http://www.x23us.com/book/67294, 连载中, 1117871字,科幻小说,395,96762
星神兵王, 你要卡宴,http://www.x23us.com/book/65722, 连载中, 3720118字,科幻小说,704,32707
直播之异星冒险, 高冷包子,http://www.x23us.com/book/68311, 连载中, 754165字,科幻小说,12,192
两界搬运工, 石闻,http://www.x23us.com/book/67026, 连载中, 3030779字,科幻小说,991,348684
狮子兽的征途, 兰陵王小生,http://www.x23us.com/book/64272, 连载中, 3250339字,科幻小说,826,127708
大汉科技帝国, 牛家一郎,http://www.x23us.com/book/64136, 连载中, 3712409字,科幻小说,1366,148576
影视世界游记, 东方孤鹰,http://www.x23us.com/book/66413, 连载中, 1555956字,科幻小说,1141,81994
位面游轮, 横空日月,http://www.x23us.com/book/68129, 连载中, 1535883字,科幻小说,202,1844
无限之电影杀戮, 我为谪仙人,http://www.x23us.com/book/68048, 连载中, 1100447字,科幻小说,225,2051
主神大道, 古月居士,http://www.x23us.com/book/65736, 连载中, 2569427字,科幻小说,1411,336426
星空无敌指南, 江河日上,http://www.x23us.com/book/67636, 连载中, 933449字,科幻小说,76,4905
无限之科技主宰, 狂小子唐天,http://www.x23us.com/book/67439, 连载中, 1305627字,科幻小说,468,43688
随身带着星际争霸, 暴兵对A,http://www.x23us.com/book/51531, 连载中, 6295851字,科幻小说,3241,288938
无限之主角必须死, 憎恶屠夫,http://www.x23us.com/book/63729, 连载中, 2770223字,科幻小说,829,78518
电影世界畅游记, 布衣王五郎,http://www.x23us.com/book/67161, 连载中, 1512684字,科幻小说,865,125432
虐杀, 一江秋月,http://www.x23us.com/book/63833, 连载中, 4179367字,科幻小说,1289,173634
异常生物见闻录, 远瞳,http://www.x23us.com/book/52031, 连载中, 4940685字,科幻小说,6880,1780158
极品捉鬼系统, 解三千,http://www.x23us.com/book/68331, 连载中, 1152491字,科幻小说,53,557
奇异僵尸, 郭敬天,http://www.x23us.com/book/68292, 连载中, 607411字,科幻小说,4,829
崛起一万年, 宝巨,http://www.x23us.com/book/68151, 连载中, 353843字,科幻小说,21,714
无限之从写轮眼到轮回眼, 少年出英雄,http://www.x23us.com/book/68301, 连载中, 292514字,科幻小说,28,399
感染体, 黑天魔神,http://www.x23us.com/book/67529, 连载中, 2319610字,科幻小说,315,93351
阴阳鬼术, 巫九,http://www.x23us.com/book/67174, 连载中, 4440518字,科幻小说,238,164219
全民武侠时代, 斩心锁,http://www.x23us.com/book/58188, 连载中, 3257571字,科幻小说,1577,119459
网游之至尊神猎, 扑通的一声,http://www.x23us.com/book/64938, 连载中, 1588988字,恐怖灵异,428,38150
天策诡途, 海鸣威,http://www.x23us.com/book/57625, 连载中, 3726482字,恐怖灵异,109,59983
三国领主时代, 懒猫不瘦,http://www.x23us.com/book/65601, 连载中, 2042671字,恐怖灵异,378,52738
凌天战尊, 风轻扬,http://www.x23us.com/book/64864, 连载中, 10543112字,恐怖灵异,1153,461656
极品飞仙, 金铃动,http://www.x23us.com/book/65140, 连载中, 3859866字,恐怖灵异,152,91649
升棺发财, 知道深浅了,http://www.x23us.com/book/66733, 连载中, 2422758字,恐怖灵异,211,37799
不当小明星, 田间小路,http://www.x23us.com/book/65266, 连载中, 3042480字,恐怖灵异,886,268745
大明1630, 奶瓶战斗机,http://www.x23us.com/book/65020, 连载中, 1466170字,恐怖灵异,232,14704
九龙真帝, 绝世仙帝,http://www.x23us.com/book/65053, 连载中, 2384518字,恐怖灵异,53,16493
无限之精神力控制者, 暴风雨中的小帆船,http://www.x23us.com/book/65536, 连载中, 2235352字,恐怖灵异,432,80165
驭房有术, 铁锁,http://www.x23us.com/book/66789, 连载中, 4289484字,恐怖灵异,510,173833
征途, 雷云风暴,http://www.x23us.com/book/65105, 连载中, 1576426字,恐怖灵异,167,26149
我爱上了一具女尸, 我心诚,http://www.x23us.com/book/58820, 连载中, 3395510字,恐怖灵异,190,86663
女总裁的贴身保镖, 我是三羊,http://www.x23us.com/book/65083, 连载中, 7378510字,恐怖灵异,184,26260
远东王庭, 程剑心,http://www.x23us.com/book/65582, 连载中, 2556246字,恐怖灵异,296,66607
帝霸, 厌笔萧生,http://www.x23us.com/book/64889, 连载中, 9225694字,恐怖灵异,3422,2541289
职业狩灵人, 无叶之华,http://www.x23us.com/book/67216, 连载中, 1760892字,恐怖灵异,71,7453
湘信有鬼, 宝庆十三郎,http://www.x23us.com/book/66371, 连载中, 2166453字,恐怖灵异,32,19938
猎魔者的无限之旅, 重剑锐锋,http://www.x23us.com/book/65583, 连载中, 2188024字,恐怖灵异,449,66703
剑与魔法与出租车, 索斯,http://www.x23us.com/book/65443, 连载中, 2844512字,恐怖灵异,487,197297
水不暖月, 谁解沉舟,http://www.x23us.com/book/65881, 连载中, 1442934字,恐怖灵异,2,3296
穿越后从零开始的异世生活, 黑火上身,http://www.x23us.com/book/65461, 连载中, 698690字,恐怖灵异,56,8060
入世小道士, 黄道格,http://www.x23us.com/book/66511, 连载中, 1862806字,恐怖灵异,45,7044
传奇公爵, 深山樵隐,http://www.x23us.com/book/64950, 连载中, 1878571字,恐怖灵异,209,18690
魔潮起时, 异地他乡,http://www.x23us.com/book/65359, 连载中, 2217830字,恐怖灵异,608,202995
我当高富帅的那些日子, 阿西八,http://www.x23us.com/book/65448, 连载中, 1286260字,恐怖灵异,212,31072
网游之剑震天下, 零想,http://www.x23us.com/book/65198, 连载中, 1257147字,恐怖灵异,21,7697
贴身狂龙, 根号三,http://www.x23us.com/book/65584, 连载中, 3915863字,恐怖灵异,45,8300
魔键, 头顶四个旋,http://www.x23us.com/book/64929, 连载中, 1600787字,恐怖灵异,54,8202
丧尸王的征途, 血夜歌王,http://www.x23us.com/book/58167, 连载中, 392631字,恐怖灵异,28,3710
重生之我是大明星, 向晚非雪,http://www.x23us.com/book/65050, 连载中, 3952817字,恐怖灵异,773,95481
摄政王的邪医魔妃, 濯明月于涟漪,http://www.x23us.com/book/59939, 已完成, 615136字,散文诗词,22,13756
末世之能力召唤器, 枫鸣夜,http://www.x23us.com/book/25307, 连载中, 1464924字,散文诗词,32,19075
御宠医妃, 姒锦,http://www.x23us.com/book/61552, 已完成, 3404767字,散文诗词,16,12385
魔法种族大穿越, 残酷厕纸天使,http://www.x23us.com/book/66954, 连载中, 2062516字,科幻小说,812,319808
神国永恒, 风邻晩,http://www.x23us.com/book/59109, 连载中, 2401826字,科幻小说,684,85209
血猎纵横, 失墨影,http://www.x23us.com/book/59592, 连载中, 2224354字,科幻小说,141,10132
超自然异闻录, 三千狼,http://www.x23us.com/book/64133, 连载中, 2497400字,科幻小说,172,20206
庄主别急嘛, 水千澈,http://www.x23us.com/book/61854, 已完成, 2413361字,散文诗词,6,16982
鬼服兵团, 颜凉雨,http://www.x23us.com/book/61798, 连载中, 1169155字,散文诗词,6,6756
大着肚子奔小康, 公子寻欢,http://www.x23us.com/book/62334, 已完成, 521586字,散文诗词,13,6798
美人无双, 浅墨,http://www.x23us.com/book/62377, 连载中, 389242字,散文诗词,2,5150
爱恨何欢, 欣欣向荣,http://www.x23us.com/book/59150, 已完成, 221588字,散文诗词,3,7620
冥王的脱线娇妃, 活色添香,http://www.x23us.com/book/810, 连载中, 1542120字,散文诗词,11,63306
冷宫奴妃, 倾玖,http://www.x23us.com/book/62426, 已完成, 291815字,散文诗词,13,5346
狂傲傻妃, 伊水染,http://www.x23us.com/book/61395, 已完成, 754178字,散文诗词,8,9782
覆巢之后, 葡萄,http://www.x23us.com/book/61377, 连载中, 374087字,散文诗词,0,4261
腹黑少主闲凉娘子, 伊盏,http://www.x23us.com/book/60205, 已完成, 949627字,散文诗词,3,7785
腹黑郡王妃, 蔓妙游蓠,http://www.x23us.com/book/61777, 已完成, 2192884字,散文诗词,21,29756
锦帷香浓, 欣欣向荣,http://www.x23us.com/book/62485, 已完成, 313153字,散文诗词,10,10763
电影位面大冒险, 黑暗LOLI,http://www.x23us.com/book/49143, 连载中, 1190746字,散文诗词,324,78692
轰杀主神, 勇者我拒绝,http://www.x23us.com/book/25342, 连载中, 657825字,散文诗词,116,54648
闺趣, 薛行衣,http://www.x23us.com/book/61352, 已完成, 858854字,散文诗词,8,12384
无限之神秘老人, 衍珠玑,http://www.x23us.com/book/27201, 连载中, 831137字,散文诗词,24,27587
嫡女贤妻, 佳若飞雪,http://www.x23us.com/book/62153, 已完成, 2236304字,散文诗词,27,14628
射雕之杨康列传, 凤凰阿飞,http://www.x23us.com/book/60918, 已完成, 652965字,散文诗词,18,6914
草根奋斗记, 边城明月,http://www.x23us.com/book/61063, 连载中, 934944字,散文诗词,16,7129
独家公主限量爱, 苏景°,http://www.x23us.com/book/62199, 连载中, 325953字,散文诗词,4,6957
女皇的后宫三千, 文苑舒兰,http://www.x23us.com/book/62368, 已完成, 6516916字,散文诗词,25,8935
无限兑换之旅, 青衣殇,http://www.x23us.com/book/28312, 已完成, 1096097字,散文诗词,130,231207
无限之爱萌, 国际精神,http://www.x23us.com/book/28133, 连载中, 2720781字,散文诗词,127,604968
楚王妃, 宁儿,http://www.x23us.com/book/62071, 已完成, 1473335字,散文诗词,55,17231
锦绣妃途, 玉霜霜,http://www.x23us.com/book/59342, 已完成, 256228字,散文诗词,4,5072
未来游戏空间, 起晚晚,http://www.x23us.com/book/28021, 连载中, 1313345字,散文诗词,48,399246
无限末路, 举头三丈,http://www.x23us.com/book/25433, 已完成, 1665601字,散文诗词,93,131414
媚骨, 15端木景晨,http://www.x23us.com/book/60377, 已完成, 1023713字,散文诗词,18,7938
魔劫之旅, 时光流痕,http://www.x23us.com/book/22937, 连载中, 182934字,散文诗词,0,9947
无限恐怖之变强之路, 逆流的刀刃,http://www.x23us.com/book/646, 已完成, 635380字,散文诗词,74,19309
惑国毒妃, 青青的悠然,http://www.x23us.com/book/60179, 已完成, 2682264字,散文诗词,12,17201
邪王绝宠蛇蝎嫡妃, 吴笑笑,http://www.x23us.com/book/62176, 已完成, 1555483字,散文诗词,30,20032
软饭天王, 纳兰康成,http://www.x23us.com/book/66900, 连载中, 4372722字,其他类型,935,154137
限制级巨星, 不如踢球,http://www.x23us.com/book/67013, 连载中, 2149259字,其他类型,533,386949
英雄联盟之开挂直播系统, 旧生,http://www.x23us.com/book/66804, 连载中, 2981431字,其他类型,597,228317
不朽青天, 丰居,http://www.x23us.com/book/67395, 连载中, 2866938字,其他类型,111,10541
次元论坛, 绅士东,http://www.x23us.com/book/67581, 连载中, 1538781字,其他类型,152,18464
变身之全职法神, 水晶小狼,http://www.x23us.com/book/68400, 连载中, 233506字,其他类型,38,471
终末之城, 西贝猫,http://www.x23us.com/book/67034, 连载中, 1358370字,其他类型,149,87591
网游之全战风暴, 亡命客,http://www.x23us.com/book/66973, 连载中, 1714088字,其他类型,200,13952
火影之千叶传说, 零始,http://www.x23us.com/book/67354, 连载中, 1970522字,其他类型,363,54376
我的崩坏世界, 木子安粤,http://www.x23us.com/book/67144, 连载中, 1001620字,其他类型,106,41017
篮坛拳击手, 寻寻咪咪,http://www.x23us.com/book/66999, 连载中, 1568055字,其他类型,133,15488
英雄无敌之穷途末路, 失忆闹钟,http://www.x23us.com/book/15355, 连载中, 3488258字,其他类型,1362,128652
我的氪金战姬, 疯狂的哑铃,http://www.x23us.com/book/67134, 连载中, 1733113字,其他类型,131,24436
韩娱之kpopstar, 静候轮回,http://www.x23us.com/book/67232, 连载中, 1363505字,其他类型,114,29664
女神公寓, 疾跑的蜗牛,http://www.x23us.com/book/68060, 连载中, 1688365字,其他类型,65,607
宠妻如命：傅少，隐婚请低调, 顾翩然,http://www.x23us.com/book/67936, 连载中, 1230454字,其他类型,9,2872
逆向恋爱游戏, 田中秋,http://www.x23us.com/book/68145, 连载中, 477486字,其他类型,43,883
传承铸造师, 神游小胖,http://www.x23us.com/book/66753, 连载中, 1960486字,其他类型,335,124927
幻想乡的流亡者, 秦钺炀,http://www.x23us.com/book/66051, 连载中, 1877631字,其他类型,186,22466
死神之重生破面, 树上恢鸟,http://www.x23us.com/book/68097, 连载中, 160839字,其他类型,15,240
妖孽王爷的独宠妃, 快乐春天,http://www.x23us.com/book/67385, 连载中, 1236029字,其他类型,0,3022
重生之建筑大师, 七死八活,http://www.x23us.com/book/67709, 连载中, 569618字,其他类型,51,2854
海贼之疾风剑豪, 洛年有知,http://www.x23us.com/book/68004, 连载中, 333710字,其他类型,103,655
遮天之万古独尊, 星之煌,http://www.x23us.com/book/67307, 连载中, 1680383字,其他类型,312,194357
宠物小精灵之不一样的小刚, 杀人诛心,http://www.x23us.com/book/68138, 连载中, 519391字,其他类型,26,307
中场统治者, 流年非水,http://www.x23us.com/book/66939, 连载中, 2436836字,其他类型,175,40362
绿茵狂龙, 真狼魂,http://www.x23us.com/book/67598, 连载中, 928591字,其他类型,49,4692
随身携带大师球, 莫问墨问,http://www.x23us.com/book/68189, 连载中, 386066字,其他类型,18,346
你为何召唤我, 第十六笼馒头,http://www.x23us.com/book/67689, 连载中, 811746字,其他类型,100,14678
某少女的英雄传说, 蹄拉米苏,http://www.x23us.com/book/68453, 连载中, 10578字,其他类型,0,0
英雄联盟之逆天外挂, 噩梦,http://www.x23us.com/book/66167, 连载中, 2806735字,其他类型,337,43699
进击的鲤鱼王, 臭豆腐炒面,http://www.x23us.com/book/68424, 连载中, 307029字,其他类型,1,30
重生之女神的逆袭, 刘瑾,http://www.x23us.com/book/67937, 连载中, 1356146字,其他类型,21,4110
二次元国度, 言叶庭,http://www.x23us.com/book/68195, 连载中, 1473203字,其他类型,22,384
女校小保安, 素手添香,http://www.x23us.com/book/65808, 连载中, 7540729字,其他类型,163,32999
斗破苍穹之万界商城, 梦回夕照,http://www.x23us.com/book/68467, 连载中, 437076字,其他类型,0,0
限制级巨星, 不如踢球,http://www.x23us.com/book/67013, 连载中, 2149259字,其他类型,533,386949
盘龙之圆满超脱, 无幽无褛,http://www.x23us.com/book/68121, 连载中, 427916字,其他类型,47,1025
跑酷巨星, 身怀绝技,http://www.x23us.com/book/68051, 连载中, 804682字,其他类型,82,847
重生萝莉, 隔壁的阿伽,http://www.x23us.com/book/67386, 连载中, 1451224字,其他类型,58,9263
﻿novel_name,author,novelurl,serialstatus,serialnumber,category,collects,reviews
11处特工皇妃,潇湘冬儿,http://www.xxsy.net/info/165098.html,已完成,980041,穿越,0,550215430
纵宠：娘子好撩人,小荷包,http://www.xxsy.net/info/474743.html,已完成,54204,穿越,0,350040326
重生之深宫嫡女,元长安,http://www.xxsy.net/info/439250.html,已完成,2283614,穿越,1272,115220726
渣王作妃,浅浅的心,http://www.xxsy.net/info/740003.html,已完成,1941960,穿越,2947,103479633
绣色可餐,青青的悠然,http://www.xxsy.net/info/693438.html,已完成,2148129,穿越,1029,102989130
火爆医妃之病王太腹黑,香雪宠儿,http://www.xxsy.net/info/730430.html,已完成,819716,穿越,103,100197647
王爷求你休了我：妃常闹腾,舒歌,http://www.xxsy.net/info/366536.html,已完成,962233,穿越,458,97681995
孤王寡女,姒锦,http://www.xxsy.net/info/772870.html,已完成,2172049,穿越,1222,93863193
穿越之农门闲妻,言轻,http://www.xxsy.net/info/754063.html,已完成,1048415,穿越,88,87994398
萌狐逆天之上神甩不掉,读云,http://www.xxsy.net/info/796238.html,已完成,737393,仙侠,80,6942120
兽与仙齐之师尊在上,明夏轻歌,http://www.xxsy.net/info/787839.html,已完成,790867,仙侠,88,6212427
药女医仙,漫觞,http://www.xxsy.net/info/822640.html,已完成,487619,仙侠,140,5874900
萌妻当道之狼君狠腹黑,周公子,http://www.xxsy.net/info/802160.html,已完成,463813,仙侠,0,5590261
极品上仙,佳若飞雪,http://www.xxsy.net/info/791638.html,已完成,506960,仙侠,81,4941462
未来之霸气小吃货,言是,http://www.xxsy.net/info/827446.html,已完成,1619757,科幻,1430,39497582
星际厨神的美食帝国,风吹梧桐,http://www.xxsy.net/info/813413.html,已完成,1532839,科幻,137,13407095
末世重生之嗜血女王,二嫂,http://www.xxsy.net/info/791222.html,已完成,733850,科幻,102,11412609
末世重生暖宠呆萌娇妻,龙俞灵,http://www.xxsy.net/info/805194.html,已完成,500407,科幻,85,11337786
萝莉重生之萌叔来抱抱,顾西子,http://www.xxsy.net/info/838512.html,已完成,315141,科幻,85,9903137
翻译官,缪娟,http://www.xxsy.net/info/352650.html,已完成,186688,职场,80,11903571
宠婚之女王归来,霁月光风,http://www.xxsy.net/info/808738.html,已完成,537755,职场,93,8591806
酒店风云之诱爱成瘾,潇湘人鱼之泪,http://www.xxsy.net/info/787904.html,已完成,920692,职场,80,7138995
暖婚之如妻而至,袁雨,http://www.xxsy.net/info/813224.html,已完成,1815110,职场,98,6647000
最佳首席设计师,情非缘浅,http://www.xxsy.net/info/809471.html,已完成,540898,职场,92,4569659
暖爱之病娇学神入怀来,珈蓝,http://www.xxsy.net/info/809079.html,已完成,2237704,校园,337,30394691
学霸男神撩妻入怀,香菜菜,http://www.xxsy.net/info/832364.html,已完成,1269046,校园,112,19373981
叫兽大人求放过,米粒饭粒,http://www.xxsy.net/info/803535.html,已完成,1075197,校园,127,13922796
首席妙探独宠妻,一尾妖鱼,http://www.xxsy.net/info/806720.html,已完成,2085670,悬疑,248,22222311
拼婚之法医独占妙探妻,情雪凝钰,http://www.xxsy.net/info/775058.html,已完成,2015651,悬疑,190,19907121
婚色之撩人警妻,瑜清晚,http://www.xxsy.net/info/830702.html,已完成,1059298,悬疑,140,17728339
丑颜嫡女,顾小丫,http://www.xxsy.net/info/429362.html,已完成,732561,穿越,0,86196783
盛世医妃,凤轻,http://www.xxsy.net/info/689179.html,已完成,2833855,穿越,3368,84427796
穿越种田之旺家小农女,后情,http://www.xxsy.net/info/697689.html,已完成,1249509,穿越,177,79714865
重生空间之田园医女,凌七七,http://www.xxsy.net/info/770457.html,已完成,2217379,穿越,169,71673806
锦绣良缘之北地王妃,懒语,http://www.xxsy.net/info/794970.html,已完成,1009926,穿越,303,71237023
一生一世笑苍穹,惑乱江山,http://www.xxsy.net/info/621278.html,已完成,3359068,穿越,935,70478880
阴婚不散之鬼夫太强横,妖凰,http://www.xxsy.net/info/791788.html,已完成,1137806,灵异,241,57541717
我的黑无常君,律儿,http://www.xxsy.net/info/799264.html,已完成,1010684,灵异,171,27964219
冥媒正娶之妖妻太撩人,妖凰,http://www.xxsy.net/info/838588.html,已完成,1381976,灵异,155,9470019
公子请别红烧我,之子于归兮,http://www.xxsy.net/info/804910.html,已完成,461092,仙侠,81,3460347
仙色无边,卜欢,http://www.xxsy.net/info/640548.html,连载中,395431,仙侠,0,3190435
楚家有女初修仙,雅萱,http://www.xxsy.net/info/798649.html,已完成,773630,仙侠,0,3053129
绝恋仙魔之独宠妖后,董儿,http://www.xxsy.net/info/753068.html,已完成,268360,仙侠,0,2242181
上仙怀里来,漠娟,http://www.xxsy.net/info/822684.html,已完成,521594,仙侠,80,1304328
伏魔仙妃,不言成说,http://www.xxsy.net/info/806700.html,已完成,329477,仙侠,0,1231825
女配重生之捡个仙尸相公,小姐大人R,http://www.xxsy.net/info/900005.html,连载中,315944,仙侠,175,1155860
悍宠之鬼手医仙,荒漠豆豆,http://www.xxsy.net/info/837210.html,已完成,346632,仙侠,0,1090298
重生末世之嗜血天凰,井上一醉,http://www.xxsy.net/info/793937.html,已完成,382100,科幻,81,8713126
机甲时代之美食革命,冷家小妞,http://www.xxsy.net/info/801103.html,已完成,910018,科幻,92,8660446
重生之名流奸商,月间的哞哞,http://www.xxsy.net/info/788503.html,已完成,501733,科幻,109,8338941
机甲之金牌大师,灼颜,http://www.xxsy.net/info/801951.html,已完成,884202,科幻,94,3509459
星际之美人凶猛,非常特别,http://www.xxsy.net/info/796110.html,已完成,733198,科幻,105,2970734
星际变态征程,卿卿若渊,http://www.xxsy.net/info/859406.html,连载中,1293276,科幻,235,2755968
末世之唐门药师,言瑕,http://www.xxsy.net/info/778322.html,已完成,435364,科幻,80,2267935
职场有染,小店不打烊,http://www.xxsy.net/info/802456.html,已完成,434128,职场,81,2035069
枭宠女总编,锋云,http://www.xxsy.net/info/808994.html,已完成,506092,职场,0,255738
职场潜规则之女王崛起,久陌离,http://www.xxsy.net/info/864131.html,已完成,413277,职场,0,136522
上司夺爱之不争朝夕,羽鸿,http://www.xxsy.net/info/862657.html,已完成,202451,职场,0,116338
甜宠之招来惹烦女友,珈瑚,http://www.xxsy.net/info/850358.html,连载中,414391,职场,0,33801
学霸你女朋友掉了,听听雨夜,http://www.xxsy.net/info/830987.html,已完成,1613402,校园,270,13548691
驯化叫兽小妻太萌腐,长袖扇舞,http://www.xxsy.net/info/805552.html,已完成,768591,校园,105,8411865
冰山教授诱妻入怀,北堇,http://www.xxsy.net/info/846676.html,已完成,519048,校园,84,6628306
洛少请滚开,木瑾,http://www.xxsy.net/info/803610.html,已完成,413848,校园,0,5092783
竹马诱妻之教授很腹黑,许溪陌,http://www.xxsy.net/info/833960.html,已完成,506394,校园,80,4541004
暖心宝贝,舒童,http://www.xxsy.net/info/861200.html,已完成,388112,校园,82,3616858
痞妻难惹之男神我罩你,夏七天,http://www.xxsy.net/info/819298.html,已完成,206837,校园,0,3594268
霸道恶少爱上纯情少女,冰残零度伤,http://www.xxsy.net/info/796462.html,已完成,100537,校园,0,3407357
腹黑团长小娇妻,泛红甜言,http://www.xxsy.net/info/448811.html,已完成,133851,短篇,84,11166092
一夜弃妃,唐梦若影,http://www.xxsy.net/info/189870.html,已完成,167911,短篇,0,6101828
替妃弃宠,唐梦若影,http://www.xxsy.net/info/173818.html,已完成,152424,短篇,0,5020787
萌宝来袭,现代童话,http://www.xxsy.net/info/277365.html,已完成,156753,短篇,0,3919624
律师皇后之宇轩续篇,淡漠的紫色,http://www.xxsy.net/info/113475.html,已完成,108301,短篇,0,3179800
重生之神探驸马请上榻,陶夭夭,http://www.xxsy.net/info/826594.html,已完成,2055304,悬疑,422,8249193
王牌探长坑妻忙,悠悠晓杰,http://www.xxsy.net/info/825725.html,已完成,1569533,悬疑,100,7181840
致命案件之教授太凶残,昔拉,http://www.xxsy.net/info/796631.html,已完成,786532,悬疑,80,4810857
傲娇神探妙法医,叫我懒懒,http://www.xxsy.net/info/806744.html,已完成,365429,悬疑,81,4331319
七十八号死亡档案,今苏,http://www.xxsy.net/info/772098.html,已完成,619408,悬疑,88,4193694
管理官的重生法医娇妻,紫色的琉璃,http://www.xxsy.net/info/813271.html,已完成,907857,悬疑,87,4029926
重生之鬼眼神探,鬼家小妖,http://www.xxsy.net/info/806765.html,已完成,697766,悬疑,0,2967274
重生之国民男神,水千澈,http://www.xxsy.net/info/704775.html,已完成,2655610,异能,330,104976178
末世重生之尸王宠悍妻,一襟晚照,http://www.xxsy.net/info/787615.html,已完成,1727115,异能,191,95159631
国师重生在现代,刘瑾瑜,http://www.xxsy.net/info/787643.html,连载中,1346910,异能,201,88703129
溺宠之绝色毒医,公子安爷,http://www.xxsy.net/info/783927.html,连载中,3694446,异能,483,74581759
重生之左暖右爱,东木禾,http://www.xxsy.net/info/773286.html,已完成,1848202,异能,157,68260432
媚爱,唐梦若影,http://www.xxsy.net/info/753857.html,已完成,1039468,穿越,318,70417235
宠妻无度——金牌相公,幻樱雪馨,http://www.xxsy.net/info/430776.html,已完成,489769,穿越,0,69497813
携子改嫁之本王求包养,夜眸染白,http://www.xxsy.net/info/784868.html,已完成,643555,穿越,0,67280722
重生王爷穿越妃,明熙尔尔,http://www.xxsy.net/info/791642.html,已完成,1032798,穿越,102,66783300
盛宠之名门医女,乱莲,http://www.xxsy.net/info/705558.html,已完成,1938350,穿越,311,66136062
逃嫁新娘,酒壑盛人,http://www.xxsy.net/info/61897.html,已完成,553964,历史,0,22807862
唐歌,潇湘冬儿,http://www.xxsy.net/info/52358.html,已完成,304370,历史,0,7425808
和亲傻后,越江天,http://www.xxsy.net/info/284347.html,已完成,222996,历史,0,6908205
王府门前桃花多,御疏离,http://www.xxsy.net/info/484542.html,已完成,574635,历史,0,6761617
庄亲王福晋,紫狐血,http://www.xxsy.net/info/741754.html,已完成,544780,历史,85,5753012
我的长孙皇后,素馨小花,http://www.xxsy.net/info/453982.html,已完成,1888922,历史,100,5329572
豪门重生之妇贵逼人,恩很宅,http://www.xxsy.net/info/790887.html,已完成,3635080,豪门,1425,155224393
顾先深的闪婚贵妻,菜卷泪,http://www.xxsy.net/info/748754.html,已完成,1175483,豪门,402,125614345
豪门重生之暖爱成婚,大雪人,http://www.xxsy.net/info/778326.html,已完成,1964300,豪门,261,116388599
豪门暖媳,浮光锦,http://www.xxsy.net/info/750785.html,已完成,1624535,豪门,390,94622976
闪婚之爱你无法无天,凹凸蛮,http://www.xxsy.net/info/764617.html,已完成,970076,豪门,116,88446305
阴缘再续之鬼夫来袭,惠风和畅,http://www.xxsy.net/info/803825.html,已完成,1039438,灵异,102,9353357
误惹鬼夫之阴婚缠上身,紫萱zixuan,http://www.xxsy.net/info/818839.html,已完成,507414,灵异,98,8207189
通灵阴师之难训鬼夫,凤媛晨,http://www.xxsy.net/info/798622.html,已完成,480964,灵异,80,6545828
尸王霸妻上瘾,琉璃清月,http://www.xxsy.net/info/804290.html,已完成,961526,灵异,80,5841988
鬼夫大人好凶猛,一醉红颜,http://www.xxsy.net/info/823864.html,已完成,411458,灵异,93,4082003
通灵少女之冥界御鬼师,枖儿,http://www.xxsy.net/info/793450.html,已完成,418731,灵异,80,3993198
文物修复处记事,宫暮雪,http://www.xxsy.net/info/816611.html,已完成,510338,灵异,96,3309935
鬼女天师之阴界招夫,易姜,http://www.xxsy.net/info/802986.html,已完成,520000,灵异,0,3285752
冥王大人的鬼眼新娘,心爱梦,http://www.xxsy.net/info/830662.html,已完成,564872,灵异,0,3074171
傲风,风行烈,http://www.xxsy.net/info/207080.html,连载中,2737504,玄幻,0,223304730
凤临之妖王滚下榻,战西野,http://www.xxsy.net/info/611668.html,已完成,4067332,玄幻,746,105140957
神医废材妃,连玦,http://www.xxsy.net/info/636952.html,已完成,4218950,玄幻,1194,95799302
云狂,风行烈,http://www.xxsy.net/info/173780.html,已完成,805262,玄幻,0,82349220
仙狐来袭之掌门请接招,知若,http://www.xxsy.net/info/831429.html,已完成,359085,仙侠,0,950584
锦绣仙途之天命贵女,墨染邪,http://www.xxsy.net/info/790253.html,已完成,721556,仙侠,0,834327
拽狐暖尊之妖圣归来,聂曦光,http://www.xxsy.net/info/809508.html,已完成,417554,仙侠,83,796124
徒儿，咱不谈情,云乐,http://www.xxsy.net/info/887749.html,已完成,1020403,仙侠,113,669676
九州仙途之家有仙妻,知识分子,http://www.xxsy.net/info/799577.html,已完成,959617,仙侠,0,611879
萌宠难养凤帝好无奈,枫雪湮,http://www.xxsy.net/info/799526.html,已完成,95488,仙侠,0,578303
炽心,血染阡陌,http://www.xxsy.net/info/584900.html,已完成,208007,仙侠,0,455071
妖娆召唤师,翦羽,http://www.xxsy.net/info/353218.html,已完成,6231000,魔幻,896,44705943
天才召唤师,若雪三千,http://www.xxsy.net/info/327283.html,已完成,4124971,魔幻,304,32220571
废材妖孽之至尊召唤师,无悔抉择,http://www.xxsy.net/info/526134.html,连载中,443958,魔幻,0,27679830
恶魔很倾城,九条尾巴的猫妖,http://www.xxsy.net/info/391197.html,已完成,3083764,魔幻,106,20657456
冷酷魔医少夫人,依然悠然,http://www.xxsy.net/info/476529.html,已完成,1037830,魔幻,128,19380537
"蜜恋,豪门小贵妻",加密,http://www.xxsy.net/info/528971.html,已完成,438005,青春,0,52692586
腹黑邪少，骗子老婆往哪逃,心唯,http://www.xxsy.net/info/505832.html,已完成,401431,青春,0,41095795
暖妻在手狂妄爷有,九序,http://www.xxsy.net/info/733542.html,已完成,1594209,青春,88,32554721
重生星际空间女皇,媚心狂,http://www.xxsy.net/info/861669.html,已完成,1794601,科幻,80,1380748
丧尸女王之纵横末世,蝶舞小桃,http://www.xxsy.net/info/803965.html,连载中,138628,科幻,0,1230561
末世军少撩宠重生妻,纵情寻欢,http://www.xxsy.net/info/901989.html,连载中,234108,科幻,0,902748
末世可餐之圈宠小娇妻,墨重华,http://www.xxsy.net/info/893846.html,连载中,869339,科幻,437,886884
网游之暗卫大人别抓我,小董姑娘,http://www.xxsy.net/info/808185.html,已完成,447091,科幻,0,869757
半兽女王之最强机甲师,疯狂欧酱,http://www.xxsy.net/info/878080.html,连载中,1114293,科幻,180,836723
重生之末世凰途,画船听雨,http://www.xxsy.net/info/710104.html,连载中,156527,科幻,0,814999
星际壕婚：怂妻猖狂,泉青叶,http://www.xxsy.net/info/882123.html,连载中,1369380,科幻,181,771887
钻石闪婚之溺宠小娇妻,花间妖,http://www.xxsy.net/info/732012.html,已完成,2432497,都市,614,116268643
爱妻入骨之盛婚厚爱,叶清欢,http://www.xxsy.net/info/678387.html,已完成,1968134,都市,294,94202232
豪门隐婚之叶少难防,灯盏香客,http://www.xxsy.net/info/755146.html,已完成,1258545,都市,212,88525679
毒后归来之家有暴君,顾轻狂,http://www.xxsy.net/info/759701.html,已完成,2654740,架空,241,123950310
欣然微笑,潞梦芊,http://www.xxsy.net/info/817497.html,已完成,95011,职场,0,26901
女王家的后现代生活,杨小树,http://www.xxsy.net/info/866773.html,已完成,100020,职场,0,18991
小妖追夫记,慢慢,http://www.xxsy.net/info/867162.html,已完成,25883,职场,0,14235
跳槽,途坦坦,http://www.xxsy.net/info/898498.html,连载中,225296,职场,0,11096
弥曼花开,月落无啼,http://www.xxsy.net/info/866672.html,连载中,110951,职场,0,8191
你妈决定让你嫁给我,醉潇遥,http://www.xxsy.net/info/916917.html,连载中,73645,职场,0,7519
金牌天音,艾叶凌,http://www.xxsy.net/info/828055.html,连载中,14398,职场,0,6800
重生之逆袭学霸,多啦,http://www.xxsy.net/info/793155.html,连载中,117036,校园,0,2731654
学妹我们在一起吧,张豆豆,http://www.xxsy.net/info/801965.html,已完成,424515,校园,0,2357106
撩倒学霸男神,狐尾潇潇,http://www.xxsy.net/info/870755.html,已完成,1496152,校园,540,2048655
霸酷校草赖上天才校花,蓝雕,http://www.xxsy.net/info/808772.html,已完成,502755,校园,80,1987583
撩妹入怀痞夫难防,玖月心久,http://www.xxsy.net/info/847792.html,已完成,533721,校园,83,1789368
圣羽学院,残烛染光,http://www.xxsy.net/info/809323.html,连载中,209448,校园,0,1550977
大神争宠记,兰才,http://www.xxsy.net/info/427264.html,已完成,322469,校园,0,1531006
煞王傻妻,云中来,http://www.xxsy.net/info/437107.html,连载中,68584,短篇,0,2894856
爱丽丝学园之日奈森亚梦,凋落墨羽毛,http://www.xxsy.net/info/559043.html,连载中,22436,短篇,0,2347692
虐妃殇,明千晓,http://www.xxsy.net/info/177430.html,已完成,67213,短篇,0,1441085
恶少独宠顽劣妻,今十三,http://www.xxsy.net/info/423850.html,已完成,115534,短篇,0,1306026
神探毒后,苏长轻,http://www.xxsy.net/info/815033.html,已完成,536049,悬疑,0,2140735
重生法医之小妾不好惹,诸葛晓由,http://www.xxsy.net/info/784108.html,已出版,682485,悬疑,0,1549070
宠婚之纨绔妙探妻,柒豆,http://www.xxsy.net/info/822606.html,已完成,485935,悬疑,0,1292112
悬情蜜爱之暖妻神探,今时,http://www.xxsy.net/info/829373.html,连载中,721222,悬疑,80,1007867
此婚有毒,朕要雨露均沾,http://www.xxsy.net/info/898385.html,已完成,384949,悬疑,107,359892
萌夫在上：灵妻，等等我,小栾,http://www.xxsy.net/info/877143.html,连载中,1227030,悬疑,80,320133
妖孽摄政王的神探妻,紫雾蝶轩,http://www.xxsy.net/info/770445.html,已完成,41956,悬疑,0,220932
重生之鬼眼神算,乐悠悠,http://www.xxsy.net/info/618242.html,已完成,1727599,异能,133,63497673
重生之王者时代,澄夏,http://www.xxsy.net/info/771630.html,已完成,1435250,异能,176,60125814
重生之商女崛起,闷神,http://www.xxsy.net/info/554652.html,已完成,2400875,异能,202,55133095
重生之霸婚军门冷妻,依然简单,http://www.xxsy.net/info/801220.html,已完成,1162071,异能,330,54501728
重生之天定贵女,萧落烟,http://www.xxsy.net/info/780262.html,连载中,1314121,异能,88,53020237
首长的萌狐妖妻,李尽欢,http://www.xxsy.net/info/537757.html,已完成,1657647,异能,120,51841654
灵眼萌妻是神医,小小夭,http://www.xxsy.net/info/774815.html,已完成,1900434,异能,251,51566321
穿越之大佐请离我远点,画屏幽,http://www.xxsy.net/info/311636.html,连载中,255046,历史,0,3853322
婚后霸占娇妻,清风恋飘雪,http://www.xxsy.net/info/753859.html,已完成,2233943,豪门,110,84816110
豪门盛婚之千亿暖媳,洛檬萱,http://www.xxsy.net/info/798472.html,已完成,1058915,豪门,161,79090945
钻石暗婚之温宠入骨,九九公子,http://www.xxsy.net/info/755954.html,已完成,2209288,豪门,147,69461140
霸婚之溺爱甜妻,盛夏采薇,http://www.xxsy.net/info/762433.html,已完成,1391783,豪门,322,64362492
至尊豪门之极品狂妻,叶苒,http://www.xxsy.net/info/729244.html,已完成,1892547,豪门,215,60784319
军门密爱之七少的爱妻,月初姣姣,http://www.xxsy.net/info/813276.html,已完成,1813143,豪门,527,54536114
病少枭宠纨绔军妻,萤夏,http://www.xxsy.net/info/778356.html,连载中,3588556,豪门,496,50962373
夜半冥婚之鬼夫萌萌哒,南城明月,http://www.xxsy.net/info/787989.html,连载中,47386,灵异,0,2746485
夫人鬼夫来接你了,薄荷糖茶香,http://www.xxsy.net/info/806909.html,已完成,316716,灵异,81,2693965
渡灵鬼使驯阴夫,金禾,http://www.xxsy.net/info/802143.html,已完成,516561,灵异,80,2553294
鬼夫萌妻之夫人请回家,非珏,http://www.xxsy.net/info/792963.html,已完成,488928,灵异,0,2441225
阴阳师大人,韩江夏,http://www.xxsy.net/info/799959.html,已完成,582283,灵异,80,2104806
鬼夫撩妻太忙,桃枝妖妖,http://www.xxsy.net/info/842452.html,已完成,1012316,灵异,84,2003528
鬼眼少女之恶夫缠身,何如薄幸,http://www.xxsy.net/info/804659.html,已完成,781038,灵异,0,1371368
废材重生之彪悍女君,公子陌,http://www.xxsy.net/info/616212.html,已完成,2112355,玄幻,332,62787482
鬼医圣手,火龙汐,http://www.xxsy.net/info/588964.html,已完成,2140152,玄幻,828,55287833
天道至尊驱魔师,绯月天歌,http://www.xxsy.net/info/636965.html,已完成,3085943,玄幻,742,52085228
废材纨绔之腹黑邪妃,柒月甜,http://www.xxsy.net/info/651083.html,已完成,4413622,玄幻,888,45261068
天下无双：王妃太嚣张,处雨潇湘,http://www.xxsy.net/info/512653.html,已完成,2902380,玄幻,1885,45025166
医手遮天,慕璎珞,http://www.xxsy.net/info/380188.html,已完成,3019434,玄幻,335,44740803
驭灵女盗,翦羽,http://www.xxsy.net/info/582730.html,已完成,4049759,玄幻,3432,44506081
盛世风华,无意宝宝,http://www.xxsy.net/info/335176.html,已完成,1289252,魔幻,188,19113626
极品悍女六小姐,潇潇慕雨,http://www.xxsy.net/info/343154.html,已完成,1053010,魔幻,192,16303847
绝世风华之至尊召唤师,秋流,http://www.xxsy.net/info/549325.html,已完成,1503688,魔幻,86,16013140
异世墨莲,炽小妖,http://www.xxsy.net/info/452722.html,已完成,3246539,魔幻,291,14808970
倾城元素师,茶靡月儿,http://www.xxsy.net/info/461883.html,已完成,814214,魔幻,86,14115944
至尊废才狂小姐,若雪三千,http://www.xxsy.net/info/472619.html,已完成,3385188,魔幻,116,14026349
狂凤驭兽：极品废材小姐,冰伊可可,http://www.xxsy.net/info/345441.html,已完成,838575,魔幻,92,13479075
邪冰傲天,墨邪尘,http://www.xxsy.net/info/315902.html,已完成,1102813,魔幻,132,13053555
天纵：废材狂女可翻天,枫飘雪,http://www.xxsy.net/info/367436.html,已完成,1641272,魔幻,125,10528521
网游之暮暮倾城,左漫,http://www.xxsy.net/info/469796.html,连载中,128675,青春,0,20138744
青春制暖（永久免费）,西子情,http://www.xxsy.net/info/770121.html,连载中,207470,青春,0,18401715
恶魔的囚禁,夏日弥凉,http://www.xxsy.net/info/612089.html,已完成,258979,青春,0,10765280
爱你，从第一眼开始,悠伤的夏秋,http://www.xxsy.net/info/423221.html,已完成,265743,青春,0,10187203
"大神,好想大声说爱你",兰才,http://www.xxsy.net/info/548526.html,已完成,305913,青春,0,10111325
霸道少爷恋上我,爹孩儿是受,http://www.xxsy.net/info/129129.html,已完成,409284,青春,0,8451326
上错竹马：萌妻来袭,长袖扇舞,http://www.xxsy.net/info/494285.html,已完成,1341507,青春,83,7230935
天才少女玩转贵族校园,天使薰,http://www.xxsy.net/info/174336.html,已完成,157302,青春,0,7118705
爱上恶魔王子,轩辕非想,http://www.xxsy.net/info/49424.html,已完成,517783,青春,0,6443032
重生网王遇前夫,泉青叶,http://www.xxsy.net/info/408722.html,已完成,588732,青春,0,5860044
皇后驾到之盛宠豪门,李尽欢,http://www.xxsy.net/info/782967.html,已完成,1616864,都市,163,72219174
萌嫁豪门之甜品小妻,海鸥,http://www.xxsy.net/info/763479.html,已完成,1246104,都市,246,72063623
豪门暖婚之娇妻请负责,文若曦,http://www.xxsy.net/info/797919.html,已完成,1730883,都市,1116,71934076
先婚厚爱,莫萦,http://www.xxsy.net/info/411530.html,已完成,1151588,都市,268,65661626
婚宠之枭妻霸爱,落风一夜,http://www.xxsy.net/info/560602.html,已完成,2895413,都市,443,63701892
豪门总裁的弃妻,芳草天使,http://www.xxsy.net/info/414274.html,已完成,264848,都市,0,63658617
豪门长媳：老公，我要离婚！,淼渺,http://www.xxsy.net/info/323298.html,已完成,757871,都市,109,61686075
暖婚之佳妻有色,叶清欢,http://www.xxsy.net/info/806788.html,已完成,837890,都市,230,56145313
这个夏天很多情,公子小冰,http://www.xxsy.net/info/801263.html,连载中,37393,职场,0,5772
茉莉花微开,叶小婷,http://www.xxsy.net/info/912712.html,连载中,92227,职场,0,5671
误闯婚宴总裁的呆萌妻,帷裳,http://www.xxsy.net/info/820976.html,连载中,5349,职场,0,5555
天才学神养渣成妻,上官焰心,http://www.xxsy.net/info/848055.html,连载中,1011388,校园,81,1352154
暖男学霸的高能女学神,偷懒的西瓜,http://www.xxsy.net/info/833991.html,已完成,199322,校园,0,1307389
劫色成瘾：一品神探夫人,水洛卿,http://www.xxsy.net/info/752950.html,连载中,766174,悬疑,80,152643
师爷请从良,予初,http://www.xxsy.net/info/849797.html,连载中,356906,悬疑,0,142370
盛宠神探世子妃,不眠春,http://www.xxsy.net/info/870715.html,已完成,115081,悬疑,0,106419
校园重生之纨绔古药医,醉卧兰若,http://www.xxsy.net/info/681701.html,已完成,1062221,异能,401,46445544
重生之商门千金,第五轻狂,http://www.xxsy.net/info/697662.html,已完成,1384262,异能,233,46143944
重生之国民影后,菩提馋,http://www.xxsy.net/info/789635.html,已完成,800891,异能,80,43326532
重生之女王酷酷萌萌哒,爱在重逢时,http://www.xxsy.net/info/741246.html,已完成,1421417,异能,193,42638453
空间之弃妇良田,福星儿,http://www.xxsy.net/info/789082.html,已完成,1962529,异能,195,41425614
豪门重生盛世闲女,一路烦花,http://www.xxsy.net/info/822125.html,已完成,1604818,异能,780,41385960
重生之千金传奇,一顾相宜,http://www.xxsy.net/info/713714.html,已完成,3430067,异能,887,38824412
至尊来袭之甜妻要翻天,半杯温水,http://www.xxsy.net/info/778507.html,已完成,909967,异能,81,37934687
豪门权妇,紫魂,http://www.xxsy.net/info/557977.html,已完成,2843528,豪门,1480,50514558
豪门军少密爱成瘾,落风一夜,http://www.xxsy.net/info/809547.html,已完成,2875893,豪门,984,49456072
权少的至尊狂妻,解语杉,http://www.xxsy.net/info/761455.html,已完成,712580,豪门,92,49329110
"豪门盛宠,宠妻无边",青青子期,http://www.xxsy.net/info/437730.html,已完成,219401,豪门,0,47728196
名门二婚追尾总裁,听晰,http://www.xxsy.net/info/789866.html,已完成,3301028,豪门,158,42581763
霸宠一换脸新娘,五月紫丁香,http://www.xxsy.net/info/787664.html,已完成,1066986,豪门,93,41662145
重生豪门继女,安想然,http://www.xxsy.net/info/781680.html,已完成,519655,豪门,98,36527709
豪门第一长媳,竹玉儿,http://www.xxsy.net/info/568788.html,已完成,873055,豪门,0,35541023
鬼王的炸毛妻,埃文,http://www.xxsy.net/info/822716.html,已完成,361207,灵异,0,1103019
邪医紫后,绝世启航,http://www.xxsy.net/info/609010.html,已完成,1725308,玄幻,550,37854397
卿本黑萌之妖妃来袭,水千澈,http://www.xxsy.net/info/553797.html,已完成,2173392,玄幻,881,35835019
至尊狂妻,猫猫寶貝,http://www.xxsy.net/info/401759.html,已完成,6609145,玄幻,309,33949631
天才狂妃,冰伊可可,http://www.xxsy.net/info/403749.html,已完成,1229415,玄幻,150,33443240
都市之最强女王,紫雨漪漪,http://www.xxsy.net/info/700336.html,已完成,1132138,玄幻,158,33109467
绝世神医之逆天魔妃,荨秣泱泱,http://www.xxsy.net/info/829057.html,已完成,4246841,玄幻,14072,32933444
战王鬼妃,九条尾巴的猫妖,http://www.xxsy.net/info/600615.html,已完成,721200,玄幻,365,31949855
逆天邪主,日辰睡莲,http://www.xxsy.net/info/291291.html,已完成,1485575,玄幻,0,30950823
淋漓天下,江淋漓,http://www.xxsy.net/info/326253.html,已完成,530020,魔幻,0,9182955
至尊邪风,冰伊可可,http://www.xxsy.net/info/465349.html,已完成,1409066,魔幻,188,8093679
墨雪倾天,泡泡喵,http://www.xxsy.net/info/416936.html,已完成,249464,魔幻,0,7648790
异世流云,落花幽若,http://www.xxsy.net/info/411813.html,已完成,1738850,魔幻,224,7275474
鬼颜之废材狂妻,火邪帝,http://www.xxsy.net/info/566229.html,已完成,401252,魔幻,0,6944944
网王之紫梦,欣夏天,http://www.xxsy.net/info/477569.html,已完成,206383,青春,0,5775986
极品总裁赖上你,椹柔辰月,http://www.xxsy.net/info/551059.html,已完成,325712,青春,0,5474242
网王之杀手重生,慕容蝶舞,http://www.xxsy.net/info/148956.html,已完成,442658,青春,0,5430250
腹黑大叔拐妻记,慕桃,http://www.xxsy.net/info/442330.html,已完成,393555,青春,0,5321721
校园王道之不良女生,颜若昕,http://www.xxsy.net/info/321700.html,已完成,185655,青春,0,5122015
"双强,鹰王宠妻",伊绮,http://www.xxsy.net/info/444186.html,已完成,611235,都市,0,55904739
闪婚，谈少的甜妻,律儿,http://www.xxsy.net/info/443715.html,已完成,7780912,都市,214,55242959
首席少东不好惹,杜雨,http://www.xxsy.net/info/205930.html,已完成,294729,都市,0,50226030
王牌狙击之溺爱狂妻,水果店的瓶子,http://www.xxsy.net/info/708156.html,已完成,2412054,都市,566,48744820
鬼手天医,火龙汐,http://www.xxsy.net/info/476770.html,已完成,3440395,玄幻,388,29754218
极品契约师,血染丹枫,http://www.xxsy.net/info/403690.html,已完成,539643,魔幻,0,6920840
